label	t	level_2	0.025	0.25	0.5	0.75	0.975
0.00078817006150	0.0	0	0.0018959818535162415	0.0029088512625574073	0.0038032346982923002	0.005100719996202321	0.010130400448866567
0.00078817006150	1.0	0	0.003033213800688761	0.0046594699929557075	0.006097244458459647	0.008187350569929409	0.016817649372914936
0.00078817006150	2.0	0	0.0037151527858657915	0.00574730337619297	0.007516647841132198	0.010163407490514744	0.02119969025725005
0.00078817006150	3.0	0	0.0041823517458734315	0.0064552670603080144	0.008459609805299893	0.01149235473151151	0.024141715775212933
0.00078817006150	4.0	0	0.004502136407382127	0.0069933491862277306	0.009125700352894641	0.0124452717135733	0.02621834062771673
0.00078817006150	5.0	0	0.004736913335775527	0.007379352992226284	0.009633112310873958	0.013185839600767092	0.027780061123175777
0.00078817006150	6.0	0	0.005018004278353045	0.007686443173643141	0.010063872078812234	0.013778706812361964	0.02903179006564887
0.00078817006150	7.0	0	0.005186787505342971	0.007952257335167507	0.010394391545817078	0.014295340674080809	0.030090502071056884
0.00078817006150	8.0	0	0.005316084365308785	0.008209131931357729	0.010724522713973235	0.014778119833546427	0.031022326560417677
0.00078817006150	9.0	0	0.005465970747658186	0.008439810043783403	0.011021420614569396	0.015128633423403131	0.03190115276434721
0.00078817006150	10.0	0	0.005643263693537694	0.00864125339133758	0.0113060934821725	0.015550853473766273	0.032759313423154315
0.00078817006150	11.0	0	0.005742396217514889	0.008853287266812145	0.011550046027572558	0.015986126031286192	0.03361304681785856
0.00078817006150	12.0	0	0.005866148265340655	0.009052932628611971	0.011816565128746332	0.016276191861282426	0.034310141359200054
0.00078817006150	13.0	0	0.005982619452511958	0.009277855391587847	0.012087892442607735	0.016693455830464794	0.034957022360718536
0.00078817006150	14.0	0	0.0060935962028387	0.009477050464323676	0.012298300454134867	0.01710199158895221	0.035797006356598216
0.00078817006150	15.0	0	0.006247884907188834	0.009666036344688352	0.012584121753211594	0.017534065462427164	0.03681432173378472
0.00078817006150	16.0	0	0.006394086758131429	0.00988220536437661	0.012895074745816554	0.01786313038469653	0.037600386189501504
0.00078817006150	17.0	0	0.006497706906532614	0.010077619662532998	0.013166461867645148	0.018324025543162224	0.0383140669628805
0.00078817006150	18.0	0	0.006607108831022089	0.010256595885539583	0.013395386424064595	0.01882695437488778	0.03899562962254854
0.00078817006150	19.0	0	0.006680225052676231	0.01052114251703797	0.013735927031515667	0.01928462942755308	0.03957733089146273
0.00078817006150	20.0	0	0.006770738300445821	0.010704952692319043	0.014057342050921214	0.019689965727667926	0.040023569162842
0.00078817006150	21.0	0	0.0068459354403705396	0.010943863180402838	0.014332153929526777	0.02010812984770912	0.04044708805332793
0.00078817006150	22.0	0	0.006958217759414336	0.011163382441704995	0.014747925692395681	0.02059489113242442	0.04103441188476735
0.00078817006150	23.0	0	0.007082713315055226	0.011474809933836476	0.015011099709593398	0.02110885928932489	0.04190365787688597
0.00078817006150	24.0	0	0.007256407348432268	0.011753073489964383	0.015400247949155624	0.021627220227690775	0.04260978506020369
0.00078817006150	25.0	0	0.007367954454512032	0.011989057463542632	0.015813695863390133	0.02206183131735523	0.04287586362468761
0.00078817006150	26.0	0	0.007420440039592175	0.012244900799388496	0.01615222285089908	0.022659040142745678	0.04335550299545562
0.00078817006150	27.0	0	0.007509551764140397	0.01254909430293875	0.016521661408425183	0.02310138804825725	0.04430764668228161
0.00078817006150	28.0	0	0.007549897895539205	0.012755668844729255	0.01709389879446984	0.02369122007553142	0.04482097878915877
0.00078817006150	29.0	0	0.007615468297384571	0.013030689446088345	0.017527672598797676	0.024376171679822194	0.04528350363126322
0.00078817006150	30.0	0	0.007665312752247424	0.013256360242132347	0.018057600333711066	0.024889817702674902	0.04576273228086442
0.00078817006150	31.0	0	0.007709608282572644	0.013666493483056543	0.018480336503325347	0.025489352148272394	0.04629971898894883
0.00078817006150	32.0	0	0.007753836749008817	0.013901874961039909	0.019005306522707356	0.026165986234315028	0.04680074287003087
0.00078817006150	33.0	0	0.007861164761162031	0.014194685575347353	0.01964676451577982	0.026771224334773844	0.0473502776937086
0.00078817006150	34.0	0	0.007942883776225434	0.014427153228451488	0.020147263769816185	0.027487928034974386	0.047901986206704245
0.00078817006150	35.0	0	0.008010270541639414	0.014858906084970583	0.02063668109946399	0.028036600798344097	0.04874251155081582
0.00078817006150	36.0	0	0.008086781267927102	0.015207229073277786	0.021105924373997234	0.02876403238664768	0.049900356755983595
0.00078817006150	37.0	0	0.008188040689170855	0.015651220895612605	0.021697228332742336	0.02954324842791345	0.05086686644165727
0.00078817006150	38.0	0	0.008408662833422424	0.015948259808516697	0.02219937618515952	0.030478053004865925	0.05243037082241692
0.00078817006150	39.0	0	0.00848262718922703	0.01637483227900055	0.02274166476803681	0.0313879587643403	0.05404895593993187
0.00078817006150	40.0	0	0.008575850932819418	0.016734666236294455	0.02333237549088664	0.03215572145253415	0.05501105090238728
0.00078817006150	41.0	0	0.008752624093640882	0.017150286791748463	0.02398769765639172	0.0328896707600992	0.055592950219173896
0.00078817006150	42.0	0	0.00891254641727688	0.017516732036188278	0.024629316695257628	0.0338111331302021	0.05692978072077298
0.00078817006150	43.0	0	0.009055339697837665	0.017965490561720882	0.025329497171817546	0.03467934319347313	0.05790203833542696
0.00078817006150	44.0	0	0.009167037408267721	0.018349395378598546	0.02584447797633336	0.03565426860078743	0.05915124441554299
0.00078817006150	45.0	0	0.009302892776488637	0.018733700255121336	0.026616376072076182	0.03672029631066857	0.06070600419015468
0.00078817006150	46.0	0	0.009464821674609167	0.019238762622184873	0.027417435575804693	0.03760543083958242	0.0622098901876408
0.00078817006150	47.0	0	0.009654734468575647	0.01974404267765586	0.028237039255576694	0.0384871779846082	0.06356797350437242
0.00078817006150	48.0	0	0.00973894794170526	0.02034411411306065	0.02892038897645826	0.03942649055875958	0.06516302319772922
0.00078817006150	49.0	0	0.010172989503296514	0.020830138523301303	0.029719708671301796	0.040621961909111035	0.0667689971153415
0.00078817006150	50.0	0	0.010407576098702841	0.02130323820225578	0.030666924177368805	0.04158785496225862	0.06868022073557115
0.00078817006150	51.0	0	0.010574178549681046	0.021940827543639456	0.03157848329336886	0.04268494754127758	0.07026605575980537
0.00078817006150	52.0	0	0.01085987206766173	0.02243593849154845	0.032426026626392414	0.04404967268442538	0.07184932170701049
0.00078817006150	53.0	0	0.011107120046809648	0.022806659826778476	0.03334670337330074	0.04541260011955915	0.07354973514934085
0.00078817006150	54.0	0	0.01131225344512126	0.02345512504378566	0.03420203369766445	0.046745361023031326	0.07532458360704333
0.00078817006150	55.0	0	0.011559709018518657	0.02397280605228522	0.03498944497199328	0.047867526524089946	0.07700023208784776
0.00078817006150	56.0	0	0.011768051229933671	0.024429339986436246	0.03596187819619773	0.048889658698301405	0.07896360760417052
0.00078817006150	57.0	0	0.01182529035702383	0.02500519015840283	0.036973756184097914	0.0500452015449375	0.08078219126210252
0.00078817006150	58.0	0	0.011891907104521674	0.025866370904889496	0.03789714690044635	0.051395495279808745	0.08279226519092182
0.00078817006150	59.0	0	0.011966500390125935	0.02669898711226724	0.038853837575161185	0.052188542257427764	0.08443248226335379
0.00078817006150	60.0	0	0.012177393912125242	0.02735487956675871	0.03992096545086532	0.053366902181715276	0.08654982760244952
0.00078817006150	61.0	0	0.012233999110586435	0.028137174351221903	0.040964696560417	0.05450949283705381	0.08965906736726333
0.00078817006150	62.0	0	0.012301906368115198	0.028830518085333018	0.041916053827928394	0.055901674823484584	0.09275022117389588
0.00078817006150	63.0	0	0.0126092913343238	0.029584188622811956	0.04299213964642695	0.057186628306653775	0.09482870163248025
0.00078817006150	64.0	0	0.012973624255448207	0.030375009063581034	0.044072290389862476	0.05862535244498533	0.09696618430629886
0.00078817006150	65.0	0	0.013301978143401916	0.03105271040926704	0.045095082748664604	0.06011876998775402	0.09878441154853457
0.00078817006150	66.0	0	0.013524198130515192	0.03172090012542929	0.04622125940597703	0.06162131593213604	0.10162310850807624
0.00078817006150	67.0	0	0.014010097398517838	0.032425080488113676	0.04744537975002333	0.06304949542071613	0.10395838631885518
0.00078817006150	68.0	0	0.014297872552509255	0.03339571804740193	0.04865602843448506	0.06458152528300407	0.10621781270505903
0.00078817006150	69.0	0	0.014626275229213571	0.034229515918162486	0.04964976176023615	0.06620378501977675	0.10849778711296759
0.00078817006150	70.0	0	0.014884163725849426	0.03499900648592292	0.05079910951860843	0.06772442908275818	0.11080408766939732
0.00078817006150	71.0	0	0.015144979034398938	0.03591908403559859	0.05189575776141284	0.06897075551913469	0.11305868845662682
0.00078817006150	72.0	0	0.015285267472311778	0.03674349395048259	0.05301656908905299	0.07075243063258463	0.11521184742086785
0.00078817006150	73.0	0	0.015635345213646273	0.03770549094099592	0.0541117362388909	0.07257321250651717	0.11797806359144046
0.00078817006150	74.0	0	0.015753500006163792	0.038680343934065345	0.05528515552906857	0.07419295091541207	0.12111556141469566
0.00078817006150	75.0	0	0.01622468351476023	0.03966265462726617	0.056443401856963796	0.07579560316207551	0.12414873088412012
0.00078817006150	76.0	0	0.016405536947478327	0.04059078474017659	0.0577282106924054	0.07754371808108176	0.1259885829414405
0.00078817006150	77.0	0	0.016461626197374984	0.04146479138522416	0.05880403553482054	0.07919997057070097	0.12887409581028272
0.00078817006150	78.0	0	0.016798990491615814	0.04247732287261413	0.06017691753259054	0.08070030770298918	0.13200134329131313
0.00078817006150	79.0	0	0.017304398672724514	0.04359163428111025	0.061552966496620426	0.08245702201773383	0.13492057539071514
0.00078817006150	80.0	0	0.01773799564537307	0.044626648157710266	0.06309542621630893	0.08375453258177712	0.13773281680677854
0.00078817006150	81.0	0	0.018138212096873788	0.04564027204880128	0.06433893540833592	0.08553425708350051	0.14059545021196904
0.00078817006150	82.0	0	0.018620425503656748	0.04675607682412076	0.06561517626463394	0.08720270812060377	0.14307604524093698
0.00078817006150	83.0	0	0.019029397621299318	0.04780424624338451	0.06683492792590578	0.08916572991369312	0.146043763088868
0.00078817006150	84.0	0	0.01953895682603678	0.048695973914287066	0.0680971311215271	0.09103929763450029	0.14901901729068717
0.00078817006150	85.0	0	0.01972989533998606	0.04975587539727781	0.06946801695332491	0.09263597093235695	0.15201977107114922
0.00078817006150	86.0	0	0.020345019413534976	0.05073108065753279	0.07079357718968964	0.09449015131688246	0.1549775651416955
0.00078817006150	87.0	0	0.02099693113823782	0.05183828267908502	0.07220071977934177	0.0963633512389191	0.15786852464593074
0.00078817006150	88.0	0	0.021977321541829985	0.05289673551110113	0.07372939223515806	0.0983656861438521	0.16128271322016502
0.00078817006150	89.0	0	0.02257392180533229	0.054045582114518806	0.07519064341604619	0.10020773804849549	0.16388325923694477
0.00078817006150	90.0	0	0.022841007001869394	0.054930578444892714	0.07680196275104823	0.10211748298739726	0.16629688386717534
0.00078817006150	91.0	0	0.023598942520375043	0.05609011851289901	0.07826171402296003	0.10392565196666366	0.16935062701732453
0.00078817006150	92.0	0	0.024387065492643384	0.057080236464530865	0.07990636187547244	0.10584883188341666	0.17243203044117897
0.00078817006150	93.0	0	0.02496039622967026	0.05831264737456048	0.08164849881517557	0.10774790994721344	0.175611567287484
0.00078817006150	94.0	0	0.025754165822579864	0.05959329314847618	0.08309214523552819	0.10963405297766411	0.18006630571452364
0.00078817006150	95.0	0	0.026085046546079682	0.0610276448287428	0.08468242839985281	0.11196702981873431	0.1836759713998267
0.00078817006150	96.0	0	0.026716279306721196	0.062229027695240885	0.08636998182157413	0.11431967324151056	0.18660281878122062
0.00078817006150	97.0	0	0.027635331901634978	0.06347694448188276	0.08819632726210692	0.1165127222291871	0.18954451143856998
0.00078817006150	98.0	0	0.02817343205311965	0.06473090013928426	0.08979544028362577	0.11875993628265125	0.19248693391665106
0.00078817006150	99.0	0	0.028650451651911265	0.06604725208319319	0.09160519210025136	0.12172959163649233	0.19541430194699877
0.00078817006150	100.0	0	0.029435032923092578	0.0674347483733284	0.09328179989458199	0.12388588659270987	0.1988061436886386
0.00078817006150	101.0	0	0.029874870278164094	0.0688750485644096	0.09495369672654828	0.12601113617538517	0.20324003786595582
0.00078817006150	102.0	0	0.03024858897955075	0.0702506881995913	0.0970930390207026	0.12823151069096253	0.20640108020061596
0.00078817006150	103.0	0	0.03079897463438299	0.07176507137812019	0.09885592256849166	0.13069983057302037	0.20951385579668208
0.00078817006150	104.0	0	0.03153389704750609	0.07311107919386982	0.10057992176432759	0.13306732826269704	0.21262714132801824
0.00078817006150	105.0	0	0.03226060196865162	0.07456109584910377	0.10226913204101187	0.13513736834366982	0.2157412403719078
0.00078817006150	106.0	0	0.0330224352385863	0.07605288878170191	0.10396320140898269	0.13736449894657998	0.21952197073483096
0.00078817006150	107.0	0	0.03352540569101964	0.07761289039786794	0.10583738270439008	0.139726343077461	0.2228352417774113
0.00078817006150	108.0	0	0.034005466325885796	0.07913830356377556	0.10780343807960435	0.1419192226703401	0.22625204363326648
0.00078817006150	109.0	0	0.03479889753532033	0.08076757849638219	0.10991612837302377	0.1440858551459273	0.22976370083758854
0.00078817006150	110.0	0	0.03613286142378579	0.08228911253867899	0.11186041976754482	0.14634576571977198	0.23335105932341837
0.00078817006150	111.0	0	0.036987165393795984	0.08405097895043223	0.11388774418281619	0.148641809662176	0.2369979556901666
0.00078817006150	112.0	0	0.03770159395275042	0.08551339604649344	0.11597083146036019	0.15136384161377123	0.24065846781365952
0.00078817006150	113.0	0	0.038599485977090155	0.08688908309851756	0.11824802452672298	0.1537677374851852	0.2443113455087203
0.00078817006150	114.0	0	0.03946607983914896	0.08829671756606411	0.12023051694281398	0.15644367825587296	0.24795051917320654
0.00078817006150	115.0	0	0.04057921882791256	0.0896712730600007	0.12244366036614782	0.15918354475034824	0.2524384171186976
0.00078817006150	116.0	0	0.04150275960401144	0.09114033733145324	0.12452624839306864	0.16163915104319382	0.2571354442926837
0.00078817006150	117.0	0	0.04225394073615552	0.09252457926804539	0.12646432724173529	0.16427134561904216	0.26081030460124777
0.00078817006150	118.0	0	0.0430043044568403	0.09426629763501088	0.1280963806010796	0.16666181075882971	0.26545885442475237
0.00078817006150	119.0	0	0.044109303367426626	0.09585212400253666	0.1298346098711101	0.16922205747908836	0.2707306442211055
0.00078817006150	120.0	0	0.04530133570278803	0.09737335715646533	0.13220837097107488	0.17172339119978022	0.2746106827831354
0.00078817006150	121.0	0	0.04640159246150098	0.09918096060711296	0.1348224930581383	0.17417991983328346	0.27822796652275483
0.00078817006150	122.0	0	0.047757177664104276	0.10084506346768168	0.13718690955000046	0.17679529914513306	0.28212121822493025
0.00078817006150	123.0	0	0.04898413295596533	0.10236010861268871	0.13917360725288117	0.1797920365941406	0.2862526639913462
0.00078817006150	124.0	0	0.05019007105449499	0.10408423074968824	0.1415978803618764	0.18325450717998087	0.2903836130662996
0.00078817006150	125.0	0	0.05078604029539436	0.10579927222515145	0.1436645680014415	0.1862520167037789	0.2945135700860238
0.00078817006150	126.0	0	0.05104469192684128	0.10765918613457862	0.14597878447668178	0.18939677572077454	0.2986402259118963
0.00078817006150	127.0	0	0.051300854620935143	0.10905968832841507	0.1482950979675632	0.1920014527719674	0.30276662407068544
0.00078817006150	128.0	0	0.05178326914550771	0.11067864705338071	0.15062357586186437	0.1945959195603239	0.30689021832715807
0.00078817006150	129.0	0	0.05265807244072585	0.11338181992502391	0.1532337985713642	0.19765635117971053	0.31100130015825017
0.00078817006150	130.0	0	0.053914635704689205	0.1151198862152395	0.15577408776948293	0.20077718013141715	0.31511063667676775
0.00078817006150	131.0	0	0.055407789604497305	0.1169054480713522	0.1584243180166024	0.20369706215603983	0.31886039072535133
0.00078817006150	132.0	0	0.05677550366863549	0.11829906145105645	0.16085122499067944	0.2066829444868935	0.3226674029777747
0.00078817006150	133.0	0	0.05762583060241414	0.11978761614843864	0.16341074377341086	0.20965285702018086	0.3264653331211735
0.00078817006150	134.0	0	0.05828331846192819	0.12192960701852287	0.16567310868121965	0.21279633895482805	0.33025828231766857
0.00078817006150	135.0	0	0.05901621235715489	0.12383908862593762	0.16819508065873173	0.2158355198420623	0.3342537204427573
0.00078817006150	136.0	0	0.060402982549639314	0.12570453334838536	0.17084722218169396	0.21876438739309295	0.3398093512947039
0.00078817006150	137.0	0	0.06167327201756632	0.126915344012911	0.17336966759310024	0.22151485244378	0.3441573024456714
0.00078817006150	138.0	0	0.06290584938309951	0.12883866165367142	0.17566353473878304	0.22448613205641418	0.3491730892854064
0.00078817006150	139.0	0	0.06433957192771027	0.13080541831409165	0.17765132681743578	0.22779201549368314	0.3541633134939735
0.00078817006150	140.0	0	0.0656014756651695	0.13293103546770407	0.18036942760301822	0.230488660707554	0.3591438431090235
0.00078817006150	141.0	0	0.06687764814969907	0.1349662111050125	0.18286163934283683	0.23363201942427222	0.36412532021442534
0.00078817006150	142.0	0	0.06815158154500835	0.13721466298141904	0.18573493105917765	0.2363238925740373	0.36889194257915753
0.00078817006150	143.0	0	0.06905462403876494	0.13937039641816718	0.1879926877925272	0.2393786067608134	0.37322747563137887
0.00078817006150	144.0	0	0.0700172825775999	0.14158334308063736	0.19076511792761508	0.24250346156464087	0.37763663300196665
0.00078817006150	145.0	0	0.07105355805709478	0.1437301485357808	0.19336383237161026	0.24589182211135607	0.3821174665585289
0.00078817006150	146.0	0	0.0721604040492835	0.14590524230678878	0.19607381596536627	0.24915823047143368	0.386655806459829
0.00078817006150	147.0	0	0.0733113381939209	0.14781724481251501	0.198383520019503	0.2523010643558985	0.3912332484387974
0.00078817006150	148.0	0	0.07447180959820063	0.14976303603446411	0.2008127776099816	0.2553231724824363	0.3958415820710388
0.00078817006150	149.0	0	0.07563206916906456	0.15184725187298356	0.2035859854335027	0.25855020867306144	0.400490379541562
0.00078817006150	150.0	0	0.07679200801304183	0.15453241654051203	0.2061947323111672	0.26143869368190187	0.4052037024347978
0.00078817006150	151.0	0	0.07795269846131893	0.15657718286515349	0.20882830679508607	0.2645645808955676	0.410015382516357
0.00078817006150	152.0	0	0.07911461265146721	0.1589668709145578	0.21155223204152088	0.2681931583289901	0.4149627696995375
0.00078817006150	153.0	0	0.08027537384320554	0.16093066677366957	0.2144413068212005	0.27201837186092925	0.42007306784210635
0.00078817006150	154.0	0	0.08154804840951987	0.16300267032437332	0.21700177305863033	0.275422899806839	0.42534769939454187
0.00078817006150	155.0	0	0.08365220246269314	0.16525594885550532	0.21995971799554193	0.27876009925706136	0.43075815595896294
0.00078817006150	156.0	0	0.08576431282168187	0.16749450310449662	0.22292570626002595	0.2828591825992509	0.43624994413993623
0.00078817006150	157.0	0	0.08713781380250045	0.16982640618584474	0.22589849255959504	0.28606631208252364	0.4417660551790675
0.00078817006150	158.0	0	0.08828964710576848	0.17243437678840498	0.22891956114852618	0.2894033190789649	0.4471930663945479
0.00078817006150	159.0	0	0.08936347482382177	0.17502452531631765	0.23191085105541953	0.2930052720573545	0.45240652581519547
0.00078817006150	160.0	0	0.09058542307483401	0.17697881384319336	0.23493309585399477	0.29658415313512665	0.4576200535866429
0.00078817006150	161.0	0	0.091665045718025	0.17963691193222092	0.23738403855297585	0.3006029651518759	0.46283381710018134
0.00078817006150	162.0	0	0.09255249575975084	0.18226303364468627	0.2401682312051885	0.3042429525981057	0.4680479904584219
0.00078817006150	163.0	0	0.09398155454027218	0.18443215999517967	0.24269903638276602	0.3081777437611204	0.47324895420483676
0.00078817006150	164.0	0	0.09512371311892726	0.186569722822147	0.2454342329486044	0.31221174366248877	0.47844543804471634
0.00078817006150	165.0	0	0.09635661981591069	0.18879406824029676	0.24809448084640584	0.31601655331347467	0.48364214507617037
0.00078817006150	166.0	0	0.09800638950157266	0.19128514505318556	0.2510177543786188	0.3195064085247411	0.489064693241394
0.00078817006150	167.0	0	0.09904915713848876	0.19382950475468105	0.2542361353140036	0.3229753430021587	0.49406662025917464
0.00078817006150	168.0	0	0.09977743278334045	0.19611604788724554	0.25695888235288694	0.3267360253254895	0.4992949787355781
0.00078817006150	169.0	0	0.10080972178536049	0.19859566551482985	0.25959365427847847	0.32989080644221497	0.5045236732078856
0.00078817006150	170.0	0	0.1021023319112108	0.20145271065189707	0.26314112391601036	0.3332113626146364	0.5097531369991446
0.00078817006150	171.0	0	0.10420384561249207	0.20339283539547054	0.2663757852351034	0.33663308408914194	0.5154843377673576
0.00078817006150	172.0	0	0.10631238330399545	0.2059146018622421	0.26941851063955047	0.3413052825488733	0.5225394380169058
0.00078817006150	173.0	0	0.10841281286792231	0.20834481135306437	0.2719663988388742	0.3454108216344178	0.5295955216469337
0.00078817006150	174.0	0	0.11044152718957154	0.2110156455182809	0.27483003231405684	0.34879683765728847	0.5366531481170094
0.00078817006150	175.0	0	0.11206471933786462	0.21377276110688145	0.2782176116667606	0.3526551115350618	0.5437120232481112
0.00078817006150	176.0	0	0.11369944990996372	0.21665376805032793	0.2813583551260733	0.3561801753697607	0.5506277620233522
0.00078817006150	177.0	0	0.11517362156157979	0.21937390556666841	0.28444320689610536	0.36031094301229577	0.5571196891995085
0.00078817006150	178.0	0	0.11641713905806496	0.22179131938425503	0.28777809405798777	0.3646521719780418	0.5637457590296095
0.00078817006150	179.0	0	0.11824010095621484	0.22398568585005496	0.29092534332772574	0.3681669086909978	0.5698667043208924
0.00078817006150	180.0	0	0.11986852774849976	0.22655367189963727	0.2941366603889777	0.3718766211407907	0.5750279242863413
0.00078817006150	181.0	0	0.12202223129606467	0.22898255968446898	0.2974863175040955	0.37523606540728854	0.5801911618496863
0.00078817006150	182.0	0	0.12383577944208206	0.2312920751302242	0.30073279570245304	0.37890518581364563	0.5853563916466475
0.00078817006150	183.0	0	0.12563373389826216	0.2343990120125043	0.3039476320420208	0.3830854377312165	0.5905196143322105
0.00078817006150	184.0	0	0.1267651214752786	0.23665964401651324	0.30727232348647515	0.38704931134453263	0.5956759753556892
0.00078817006150	185.0	0	0.12798067637143323	0.23966343319646857	0.31062966156493055	0.39080822873712173	0.600814220363947
0.00078817006150	186.0	0	0.12930317169294062	0.24292603338013566	0.31413757475138443	0.39465237395294134	0.6059373275535439
0.00078817006150	187.0	0	0.13074394197363456	0.24528496679297274	0.31746071441294355	0.39875341297886296	0.6110606234215213
0.00078817006150	188.0	0	0.13228873738860458	0.24773900370114607	0.3211012261300602	0.40224533991613737	0.6161844317190492
0.00078817006150	189.0	0	0.133896382480084	0.25030841963491	0.324693820374764	0.406811499189888	0.62130938086068
0.00078817006150	190.0	0	0.1355244954544614	0.25331493603403793	0.32867148239462396	0.41094406381078696	0.6264366908072972
0.00078817006150	191.0	0	0.13715469009854694	0.25590682107389784	0.3327013681346359	0.4146940751460052	0.6315687186276555
0.00078817006150	192.0	0	0.13878426884202585	0.25850643697805303	0.336016507839492	0.4188385852514232	0.6367099640788894
0.00078817006150	193.0	0	0.1404130966147596	0.2616939986683017	0.3395431573298122	0.4223127060727557	0.641868804317629
0.00078817006150	194.0	0	0.14204468696588812	0.26460998455841866	0.3427503691609496	0.4258596613250975	0.6468645349117506
0.00078817006150	195.0	0	0.14368187996225215	0.2681406228568872	0.34626559945173463	0.42972453315409426	0.6513895407678442
0.00078817006150	196.0	0	0.14530407351330946	0.2708345302919938	0.3502327023650441	0.43378339469969696	0.6559167345540671
0.00078817006150	197.0	0	0.14686203322054542	0.27359248785884477	0.354176377896838	0.4378724937412736	0.6626080788519623
0.00078817006150	198.0	0	0.14842489701778122	0.2762577666272891	0.35746454275586254	0.4417598025263232	0.6687146407252154
0.00078817006150	199.0	0	0.15065788782920717	0.27855881729825444	0.36115335467493903	0.4452899846460438	0.6743259406363334
0.00078817006150	200.0	0	0.15194731889059268	0.28102345381236893	0.3652382906322033	0.449558204031919	0.6799407763146309
0.00078817006150	201.0	0	0.15453356223776227	0.28412157740830074	0.36917071685742886	0.4542087511164539	0.6855574930014909
0.00078817006150	202.0	0	0.15682270700095588	0.28760479258600175	0.37303665794768	0.4588959555390197	0.6911768295491922
0.00078817006150	203.0	0	0.15827679640681694	0.2909404650110115	0.37673164840858375	0.4641661621799617	0.6967992503754709
0.00078817006150	204.0	0	0.16066406223868027	0.2939596554915588	0.38017092713031997	0.4688623946407513	0.7032435324922708
0.00078817006150	205.0	0	0.1636401894326365	0.2969424971053164	0.38371872920399663	0.47319835029537477	0.7098192154531605
0.00078817006150	206.0	0	0.16658923924843827	0.3001934538820983	0.3875100920264436	0.47743937860561314	0.7163862530939271
0.00078817006150	207.0	0	0.16894883226831936	0.3032500555362462	0.3914751460846554	0.4816905722267498	0.7229482404778915
0.00078817006150	208.0	0	0.1705887544040933	0.3063189361603415	0.3951353192307612	0.485956139753517	0.7294685618350972
0.00078817006150	209.0	0	0.17219970450646196	0.30915171782669426	0.39871165747520987	0.49022708393193903	0.7359295916037688
0.00078817006150	210.0	0	0.1737897190760754	0.313006550461641	0.4022464863007731	0.49483487384076486	0.7423696311188566
0.00078817006150	211.0	0	0.17536979072477937	0.3161779411689982	0.40634272127633214	0.49971529363060263	0.7487961459601752
0.00078817006150	212.0	0	0.17695534456190196	0.3193959811680352	0.4095806321065168	0.5046410545867548	0.7539343909120461
0.00078817006150	213.0	0	0.17856881310082182	0.3227285263356672	0.4128019441307864	0.5094491837134885	0.7588169757582416
0.00078817006150	214.0	0	0.1802507464089585	0.3258749063663924	0.4171314134250824	0.5139503209996784	0.7637030154970539
0.00078817006150	215.0	0	0.1820422450020458	0.3291449332794465	0.4216040093796196	0.5182387249563157	0.7695842682838276
0.00078817006150	216.0	0	0.18506301414561793	0.3332018590528426	0.42604979183849495	0.5229418500942665	0.7767958167894051
0.00078817006150	217.0	0	0.18818416748155592	0.3372293194437786	0.4300469335982575	0.5279615901319271	0.7840111721264299
0.00078817006150	218.0	0	0.19072733589941898	0.34039984284391167	0.4344759730594176	0.5330375279544749	0.7912335344702439
0.00078817006150	219.0	0	0.19244370034857206	0.34367877736218644	0.4381481717420118	0.5384467708889537	0.7984630335549141
0.00078817006150	220.0	0	0.19391170752119097	0.34677108380423716	0.4415803071508311	0.5438031704322188	0.8056943532300417
0.00078817006150	221.0	0	0.19633089999892075	0.3503691095497876	0.44551972907790105	0.5488972974678832	0.8129672509255855
0.00078817006150	222.0	0	0.19853571130715725	0.3539325730438686	0.4495456566516869	0.5531871665030943	0.8187764808653898
0.00078817006150	223.0	0	0.20060216542248238	0.3574248134780733	0.4537767767139128	0.5580056679046315	0.8246361733578212
0.00078817006150	224.0	0	0.20274192040558517	0.36048953432082154	0.4579054321507292	0.5628493111787899	0.8306554250773565
0.00078817006150	225.0	0	0.20497174099388385	0.3636753156832422	0.46150359684832465	0.5683520018814231	0.8367968558774251
0.00078817006150	226.0	0	0.20724233318481944	0.36702132710949975	0.46507246592610874	0.5738577704511667	0.843017445938934
0.00078817006150	227.0	0	0.20953339393160358	0.37049537421758094	0.4687330992853578	0.5787217206394214	0.8492858395751837
0.00078817006150	228.0	0	0.21193754357835926	0.3736349827150267	0.4723198902195378	0.5841532518391556	0.8555795446678657
0.00078817006150	229.0	0	0.2141651934477942	0.3770021361502682	0.47599083629202044	0.5895968961991782	0.8626584332108019
0.00078817006150	230.0	0	0.2165318586474151	0.3809189636496488	0.4799557375531049	0.5950988567126563	0.870571330296818
0.00078817006150	231.0	0	0.21896851812177723	0.38456239458665076	0.4845713015711034	0.600088804227918	0.8784783965289971
0.00078817006150	232.0	0	0.2214783395194259	0.38853136036646463	0.48848671168879865	0.6055480381021617	0.8851920234763013
0.00078817006150	233.0	0	0.22335101393982618	0.3926034387874174	0.49273468254612346	0.6106905416814902	0.8917170923342715
0.00078817006150	234.0	0	0.22524744842445937	0.39608837734464253	0.49725435129688605	0.6159139786673726	0.8981695836405834
0.00078817006150	235.0	0	0.2273208203084211	0.39951666360940646	0.5013696002783756	0.6209389279463948	0.9046187366923444
0.00078817006150	236.0	0	0.2301956536125226	0.40307227739773815	0.505289819018309	0.626250807352637	0.9110741864507907
0.00078817006150	237.0	0	0.23300208595603397	0.4067949961511702	0.5091740746076783	0.6318354192296138	0.918235387612658
0.00078817006150	238.0	0	0.23572464381534533	0.4101934346108226	0.5130172885830763	0.6371621155289859	0.9259017378295623
0.00078817006150	239.0	0	0.23836785259503726	0.41427135850993746	0.5173024216325359	0.6424176457154213	0.9335672306913368
0.00078817006150	240.0	0	0.24094487365744274	0.4180469287009373	0.521418220706028	0.6472953496155129	0.9412344393295357
0.00078817006150	241.0	0	0.24347154382322883	0.4222035725133962	0.5253804481646067	0.6521626803984597	0.9486322091920776
0.00078817006150	242.0	0	0.24596301720880948	0.42633464657698605	0.5294637371834505	0.657834728412763	0.9566668686464204
0.00078817006150	243.0	0	0.2484448492187364	0.43039878694797323	0.5340111853667608	0.6636788710499225	0.9638995668039438
0.00078817006150	244.0	0	0.2509343980202408	0.4341994339128397	0.5389434369622841	0.6698721563855168	0.970664394849152
0.00078817006150	245.0	0	0.2534364331635773	0.43843539996890335	0.5438100131989523	0.6757846413389762	0.9774349756991692
0.00078817006150	246.0	0	0.2559582917853795	0.44230715315967084	0.5481981771576863	0.6808929913342999	0.9842144812248214
0.00078817006150	247.0	0	0.25851094176445005	0.44621738543909817	0.5527087261462277	0.6861725809336662	0.9910070711575762
0.00078817006150	248.0	0	0.2611100635712515	0.4497452639320971	0.5575751683910251	0.6915102395834686	0.9978180414416924
0.00078817006150	249.0	0	0.26377915031766147	0.4534744700848148	0.5624004565356949	0.6971792678899733	1.0046546977231285
0.00078817006150	250.0	0	0.26654780039357723	0.4572891615067693	0.5667241688306158	0.702951101924895	1.0115282414627318
0.00078817006150	251.0	0	0.26941976610925783	0.46140535417134826	0.5710724863114082	0.7089217552280839	1.0184552257342687
0.00078817006150	252.0	0	0.27238595819697675	0.46554423379926235	0.5754427133373303	0.7146090037727555	1.0254570487070376
0.00078817006150	253.0	0	0.27541039228561254	0.4699693223226724	0.5801729587864982	0.7204495879067041	1.032744278803363
0.00078817006150	254.0	0	0.2784432843686065	0.47399849107810416	0.5852363842148463	0.7258501037751015	1.0407523363443671
0.00078817006150	255.0	0	0.28146614495929007	0.47815795862631416	0.5894508418142914	0.7315191901402879	1.0487405453175132
0.00078817006150	256.0	0	0.2844749297807502	0.4825410586702239	0.5935750497170964	0.7370998588735486	1.056692140462224
0.00078817006150	257.0	0	0.287465332884817	0.4870315669939598	0.5980961920628896	0.7422762030467633	1.0646406326757778
0.00078817006150	258.0	0	0.29043318990319095	0.4921945511592235	0.6026578430869579	0.7479416870398535	1.0725891283980409
0.00078817006150	259.0	0	0.293374861993745	0.4969357702802944	0.6072563027992744	0.7537840005268911	1.0805376296927247
0.00078817006150	260.0	0	0.2962875418644147	0.5013921379328412	0.611767349424306	0.7596073085980777	1.0884862470578485
0.00078817006150	261.0	0	0.2991694565465464	0.5049454839674716	0.6160422896497734	0.7649661804052967	1.096435107316665
0.00078817006150	262.0	0	0.3020200264533028	0.5089453803344387	0.6205787919744485	0.7703255767719985	1.1043844781207328
0.00078817006150	263.0	0	0.304839844440666	0.5127483726581763	0.6258179757462636	0.7756455474196693	1.112334925169037
0.00078817006150	264.0	0	0.30763073968069204	0.5162256117481723	0.6315804576314095	0.781488281768984	1.120287643528891
0.00078817006150	265.0	0	0.310395852365525	0.5199551706888349	0.6370571343853346	0.7870754659569192	1.128245148254042
0.00078817006150	266.0	0	0.31313980492963933	0.5237404263893919	0.642076217267638	0.79239809738546	1.13621267829788
0.00078817006150	267.0	0	0.3158690204613578	0.5277885750953855	0.6467487580207036	0.7982160570883814	1.1442008907150658
0.00078817006150	268.0	0	0.3185922389687105	0.5318954220423899	0.6516902879476006	0.8051825840003529	1.1522303454491094
0.00078817006150	269.0	0	0.32132126436037717	0.5360743853575101	0.655898104111585	0.8115861709816691	1.160336224747181
0.00078817006150	270.0	0	0.32440783761126113	0.5403115131912403	0.6609719712904201	0.8168703658575298	1.168405928008878
0.00078817006150	271.0	0	0.3278877937099918	0.5444096531078577	0.6660095527194851	0.8219537793302953	1.1755918468381419
0.00078817006150	272.0	0	0.3314032928193727	0.5485236049916165	0.6714201355748393	0.8271034330317948	1.1828373535378978
0.00078817006150	273.0	0	0.3349402475633055	0.5533302410335283	0.6755773514762627	0.8327361121401504	1.190154294321378
0.00078817006150	274.0	0	0.33850840232145485	0.5574335774221157	0.6804017780865794	0.8386263628321459	1.1975473580798193
0.00078817006150	275.0	0	0.3421320746079295	0.5613234673070453	0.6856676145843561	0.8442431049618399	1.2050055558550798
0.00078817006150	276.0	0	0.3458085316916533	0.5654376730112121	0.6910730452032263	0.8496825261667835	1.2125030991872825
0.00078817006150	277.0	0	0.3495639789265622	0.5703647490139709	0.696487366243776	0.8550256776853218	1.2200145821403308
0.00078817006150	278.0	0	0.35343336839529904	0.5755841803523318	0.7015196398538768	0.8603873072351764	1.2275128069898846
0.00078817006150	279.0	0	0.3571411470221297	0.5803701952919154	0.7059728432762284	0.8658503468832867	1.234987716132773
0.00078817006150	280.0	0	0.36039037869594137	0.5841269879847995	0.7102007538005718	0.8720056824497651	1.2424626298357193
0.00078817006150	281.0	0	0.36367930793458736	0.5891510120537617	0.7145681890815556	0.8784941265182741	1.2499230287646397
0.00078817006150	282.0	0	0.36863645936889944	0.5945074282666385	0.7185786204804343	0.8852801324080009	1.2573810553036222
0.00078817006150	283.0	0	0.3711682594265791	0.5984606172826955	0.7232141566068021	0.8918971556359997	1.2650960509715987
0.00078817006150	284.0	0	0.373884940827217	0.6026118094537123	0.7286701144510027	0.8979530409223884	1.2729324277891614
0.00078817006150	285.0	0	0.3775917697814851	0.6069919051225633	0.7341560712865047	0.9047203554571659	1.2807691997901207
0.00078817006150	286.0	0	0.3813036051522943	0.6111365464517953	0.738957527577212	0.9113392546243697	1.287433910555416
0.00078817006150	287.0	0	0.38501622194092977	0.6155901513763024	0.7437494121669238	0.9171947744328987	1.294747558496781
0.00078817006150	288.0	0	0.3887298969188059	0.6205408468517755	0.7483132905832238	0.9227934414057988	1.3022496275461692
0.00078817006150	289.0	0	0.39244494560895044	0.6250763385857857	0.7526213318778212	0.9284493941156905	1.3097531493856316
0.00078817006150	290.0	0	0.39616168549327374	0.6295135774513774	0.7575075243357681	0.9341134446612598	1.3172382124267499
0.00078817006150	291.0	0	0.39988038553475846	0.6333136244665745	0.7629130204492001	0.9400642253316935	1.3247292164608189
0.00078817006150	292.0	0	0.40272061215318683	0.6382267280672411	0.7681166818432367	0.9466215596248443	1.332229556933927
0.00078817006150	293.0	0	0.4049559463079633	0.6426732276491216	0.7730316091874898	0.9537916503825075	1.339744353480693
0.00078817006150	294.0	0	0.40837745151284505	0.6467779193078211	0.7785766925282196	0.9598488960653114	1.3470748303273665
0.00078817006150	295.0	0	0.41204695712611666	0.6510009316137226	0.7842603219979403	0.9655160601404695	1.3540762761421745
0.00078817006150	296.0	0	0.41569962647864156	0.6554533353244709	0.7894033385214102	0.9722706929710603	1.3610892907405339
0.00078817006150	297.0	0	0.419614642789466	0.659561105764938	0.7951976817560846	0.978718914386095	1.368116553330773
0.00078817006150	298.0	0	0.4236877287984656	0.6639933224072009	0.8005713936197835	0.984960434524128	1.3761037241835288
0.00078817006150	299.0	0	0.4278282066620085	0.668532695056462	0.8054159081447847	0.9911247310349774	1.3855077091117702
0.00078817006150	300.0	0	0.4320144231817176	0.6731477204624785	0.8101275891103108	0.9971979595801683	1.3937966669734299
0.00078817006150	301.0	0	0.436188308460355	0.6777333097966105	0.8153817897707054	1.0035552429446697	1.4018102427923322
0.00078817006150	302.0	0	0.4402270648339351	0.6826133166243001	0.8206479516237168	1.0098497251029912	1.4098524226257407
0.00078817006150	303.0	0	0.4441795821508556	0.6871992054341505	0.8265093597152695	1.0161963345004454	1.417924137807141
0.00078817006150	304.0	0	0.44814319112349577	0.6920685571331305	0.832255701729772	1.0225524068243534	1.4260281014610974
0.00078817006150	305.0	0	0.4521220951131709	0.6976532927178261	0.8383249893060218	1.0292751609397228	1.4341736554709856
0.00078817006150	306.0	0	0.45612172051910155	0.7020167118108063	0.8444343751055987	1.0355803499546499	1.4424039383478906
0.00078817006150	307.0	0	0.46014900089292776	0.7063734256551195	0.8506012122916322	1.0426176198126105	1.450744368170015
0.00078817006150	308.0	0	0.4642122253096545	0.710704475338204	0.8569293813318949	1.048992526297967	1.459215598723429
0.00078817006150	309.0	0	0.467518885750715	0.7153425155670994	0.8627794472368981	1.0553670358811873	1.4678228379910083
0.00078817006150	310.0	0	0.4704042517194237	0.7199395705234155	0.8688599663011567	1.062827310503308	1.4765198394998362
0.00078817006150	311.0	0	0.47333026816804724	0.7245714962408409	0.8747333702807298	1.0688833617686702	1.4852856486984207
0.00078817006150	312.0	0	0.47629629017330294	0.7293754981795912	0.8804400151875903	1.0746665163925593	1.4940868558419116
0.00078817006150	313.0	0	0.4793052704454864	0.7341497800869715	0.8859661724127592	1.0804752195292402	1.501381263996987
0.00078817006150	314.0	0	0.482362929631794	0.7392352929875027	0.8915532738257772	1.0867584612900276	1.508247332326303
0.00078817006150	315.0	0	0.48547643389299633	0.7434658890639377	0.8972154384967426	1.092751374379622	1.5151136727155596
0.00078817006150	316.0	0	0.48863418471862624	0.7481762854543427	0.9029138765757099	1.099055036406473	1.5219806238473328
0.00078817006150	317.0	0	0.4919568660682732	0.7528953843929242	0.9080990085415377	1.105360004874467	1.528848742752257
0.00078817006150	318.0	0	0.4956885883551366	0.7574127702695023	0.9131640954273282	1.1116405786373673	1.5357190283792226
0.00078817006150	319.0	0	0.49941343387018466	0.7617554689711711	0.9183864118764	1.1183271792704945	1.542593259949766
0.00078817006150	320.0	0	0.5024713249131707	0.7661173284566358	0.923660865329131	1.125001956521945	1.5494722210293286
0.00078817006150	321.0	0	0.5049638756014159	0.7705127722633007	0.929357057051574	1.1315461642191744	1.5580270243709444
0.00078817006150	322.0	0	0.5074574747308771	0.7747787387265144	0.9346852340760412	1.1380855307308502	1.5670572187932703
0.00078817006150	323.0	0	0.5102265584478817	0.7796427865413098	0.9400134111005081	1.1445791428197705	1.5760461211983672
0.00078817006150	324.0	0	0.5139369905455726	0.7851373297863644	0.9455711856187969	1.1516456719814827	1.5850282724474924
0.00078817006150	325.0	0	0.5176462677602948	0.7906998918223589	0.9515800959039179	1.1581023765558345	1.5940004095776343
0.00078817006150	326.0	0	0.5213542336529823	0.7956404668132537	0.9574135465771598	1.1638452500987824	1.6029587199777369
0.00078817006150	327.0	0	0.5250613542318459	0.8001027734656005	0.9627955709560687	1.1699852686855592	1.6118990992571052
0.00078817006150	328.0	0	0.5287677538614028	0.8052945428396577	0.968447557333997	1.1778424925685758	1.6208175611866495
0.00078817006150	329.0	0	0.5324722995640244	0.8105477945157499	0.97369595704508	1.184957630674353	1.6297106193045763
0.00078817006150	330.0	0	0.5361725000490509	0.8158794618880731	0.9795598051773323	1.1917330593865032	1.638575569231684
0.00078817006150	331.0	0	0.5399318140207804	0.8213947268605812	0.9851018748708875	1.1984341886396772	1.6474106398889632
0.00078817006150	332.0	0	0.5439124924449215	0.8275492553296204	0.9906342998036077	1.2050387036918666	1.6562150177228634
0.00078817006150	333.0	0	0.5478391009216529	0.8326219013982064	0.9962822675120602	1.2123840207296606	1.664988979701433
0.00078817006150	334.0	0	0.5515959719081206	0.8374773717878916	1.0013422791308728	1.2190413374042335	1.6737335032558882
0.00078817006150	335.0	0	0.5546916828381362	0.8420455634709403	1.0065024531975597	1.2256662083657233	1.682449955530366
0.00078817006150	336.0	0	0.558290168753599	0.8465884566045994	1.0115378117655522	1.2325945975631785	1.69114010475626
0.00078817006150	337.0	0	0.5619968818649599	0.8515044340651331	1.0165727705514749	1.2395587045306988	1.6998251190724116
0.00078817006150	338.0	0	0.5657396623675083	0.8572961928694842	1.0218299080050155	1.2465467980007845	1.7085088949732794
0.00078817006150	339.0	0	0.5695585341985868	0.8632463594307995	1.0280938930055998	1.2535511161357435	1.7171914826707582
0.00078817006150	340.0	0	0.5734636248894928	0.8684308799695951	1.0350412470018935	1.2604954208811376	1.725872968311142
0.00078817006150	341.0	0	0.5774721574903005	0.8731588881088373	1.0417275470222127	1.2674565170816259	1.7345534995036924
0.00078817006150	342.0	0	0.5815910161323241	0.8785884632215314	1.0473848447550946	1.2742118043834187	1.7435595444687757
0.00078817006150	343.0	0	0.586213420982844	0.883941461061104	1.053102349270031	1.2807145345866355	1.7526420564615663
0.00078817006150	344.0	0	0.5909255513005789	0.8887901351957739	1.0599441797468134	1.287161425016343	1.7623955307685053
0.00078817006150	345.0	0	0.5952600466783587	0.8936433746593795	1.0663057679313614	1.2949671289131213	1.7722372598836154
0.00078817006150	346.0	0	0.5996754620498834	0.8985929832573439	1.0721901374012892	1.302392003276481	1.7821756039596206
0.00078817006150	347.0	0	0.6041745503743818	0.9041250243981735	1.07892800836477	1.3105185994297441	1.7921882650556493
0.00078817006150	348.0	0	0.6087328236793124	0.9101250214339486	1.0862450141413689	1.318054179985881	1.802238507553036
0.00078817006150	349.0	0	0.6133135622703001	0.9161198566638398	1.0927306868615152	1.3250436679690414	1.812313623511319
0.00078817006150	350.0	0	0.617900391314261	0.920848319275234	1.0990734321066262	1.3313542289465345	1.8224239420278354
0.00078817006150	351.0	0	0.6214499757839592	0.925702782365425	1.1047743104095074	1.337790492095114	1.8322660465239757
0.00078817006150	352.0	0	0.6260476731839976	0.9324181388360058	1.110470459709964	1.3454433767260072	1.8420703396314477
0.00078817006150	353.0	0	0.6306807346059754	0.9380575544525026	1.1166191280724758	1.3535317122355448	1.8518670345755093
0.00078817006150	354.0	0	0.635355696498369	0.942535665617963	1.122812683679161	1.36129683332058	1.8616569859036451
0.00078817006150	355.0	0	0.6401350373930337	0.9471566864020003	1.1295313988381634	1.3690548751566405	1.8714407779779325
0.00078817006150	356.0	0	0.6451511793612594	0.9518461035734603	1.13595571233136	1.3760471661201683	1.8812192456795405
0.00078817006150	357.0	0	0.6502498248466196	0.956721705150833	1.142303563086407	1.38295145810475	1.8909942259395947
0.00078817006150	358.0	0	0.6554043659279298	0.9627806321404723	1.1489037362801118	1.3908784746348393	1.9007685870503086
0.00078817006150	359.0	0	0.660577213515551	0.9692503942473465	1.1552446222635997	1.3989325147973295	1.910514572199379
0.00078817006150	360.0	0	0.665667628563041	0.9757039219559127	1.1615092871501558	1.4069477113184716	1.9202469179542598
0.00078817006150	361.0	0	0.6700758549900315	0.9820975098651195	1.1677625331028785	1.4146244434241366	1.9299879221830105
0.00078817006150	362.0	0	0.6749920833752743	0.9876546975945323	1.174019489755668	1.4222993684578864	1.9397451243630672
0.00078817006150	363.0	0	0.680189896390695	0.9936057037560986	1.1802729592540628	1.4292816123691994	1.9495286072208244
0.00078817006150	364.0	0	0.6849649000588757	0.9995771035096831	1.186644517606768	1.4363162895124328	1.9593514293823804
0.00078817006150	365.0	0	0.6896575391071293	1.005251301334825	1.1932324766877842	1.4433476116576132	1.9692296650268992
0.000977190	0.0	0	0.0018635967065224715	0.0029211392206203272	0.003785842519811474	0.0050975735439532065	0.01019103891992787
0.000977190	1.0	0	0.0029754662675260807	0.004671928968151575	0.006085893837950213	0.00819985297175295	0.01695484696912375
0.000977190	2.0	0	0.0036674398129589686	0.0057657338109954786	0.0075168210949167116	0.010149715352896308	0.02131849112376544
0.000977190	3.0	0	0.004120980025577232	0.00650805206152041	0.008479937251897298	0.011425353005064427	0.024255492695908928
0.000977190	4.0	0	0.0044397792146580245	0.0070332432907566425	0.009154614515035322	0.012325934135568109	0.026354720381228474
0.000977190	5.0	0	0.004680291680228866	0.007435950361506114	0.009671460598206484	0.013019514428415892	0.027957234080865773
0.000977190	6.0	0	0.0048470103745057854	0.007772164001937918	0.01013166966000837	0.013576902345741663	0.029260321527064762
0.000977190	7.0	0	0.004984728192563431	0.00802669044080148	0.01049915751779859	0.014125829917667641	0.030375395465184127
0.000977190	8.0	0	0.005125412304554096	0.008268537486016747	0.010836972667270569	0.014555439713485016	0.031364618750657325
0.000977190	9.0	0	0.005270405144125315	0.008526053899333707	0.011163798636521501	0.01500585933621281	0.03226348273771574
0.000977190	10.0	0	0.005400434882585775	0.00876970573840527	0.011476656587322377	0.015576341081259767	0.03305532829471548
0.000977190	11.0	0	0.0055032539691490115	0.00900957531097001	0.011775160179694847	0.016021051232405954	0.03374257128425163
0.000977190	12.0	0	0.005644914912309257	0.009234439223285762	0.012074492179205419	0.016357680771851048	0.03459289134588173
0.000977190	13.0	0	0.0057806025820212265	0.009427251631246676	0.012356543121897113	0.01687081917611776	0.03527846761599829
0.000977190	14.0	0	0.005970422007497748	0.009693010571962795	0.01261895002308122	0.01726289438239298	0.03592388287097211
0.000977190	15.0	0	0.00605601537981389	0.009890687872916377	0.01290924993242955	0.017705126767819164	0.03665842625868664
0.000977190	16.0	0	0.006176453323196835	0.0101225350778592	0.013277953325211431	0.01824142143333677	0.03757655348251763
0.000977190	17.0	0	0.00627331996695737	0.010303989435441217	0.013576139273365942	0.018856265443308318	0.03826302523279497
0.000977190	18.0	0	0.00643682067793154	0.010567126671157364	0.013905125590910268	0.019264580194485157	0.039010216752710505
0.000977190	19.0	0	0.0065048837384725205	0.010824542618909904	0.014227492323101266	0.01966003536153931	0.04007612666672025
0.000977190	20.0	0	0.006650425682046388	0.011039419008848247	0.014590646935016134	0.02012804397959992	0.040778386947998055
0.000977190	21.0	0	0.006803038399080469	0.011250016338099099	0.015005785976850289	0.020396179709652816	0.04142373928137781
0.000977190	22.0	0	0.006894318975798146	0.01153569357640405	0.01540816696675716	0.020897415080359454	0.04251839762098926
0.000977190	23.0	0	0.00703665518904017	0.011725494863752097	0.01589610372440342	0.021492044916245498	0.04361962506621592
0.000977190	24.0	0	0.007203094196929054	0.012025729352594012	0.016362387654998055	0.022013373800529815	0.044695420241749564
0.000977190	25.0	0	0.007289614495092276	0.012327732681706945	0.01680583723168424	0.022711178267657083	0.04578699542397474
0.000977190	26.0	0	0.007372712440603952	0.01254326786260456	0.017209609551703337	0.02325401518590262	0.046836655917492774
0.000977190	27.0	0	0.007487381045263753	0.012892745275963851	0.01769828265422182	0.02400069180990849	0.04785851461969625
0.000977190	28.0	0	0.007644533445836221	0.013378441245023447	0.018272045991004418	0.024830897311612598	0.048794700265924085
0.000977190	29.0	0	0.007798794014385986	0.01381888607206087	0.018864524508946573	0.025720663843276228	0.04946139143892713
0.000977190	30.0	0	0.00811597153907843	0.014126137470146842	0.019524205249480377	0.026426632953082282	0.050133260532528166
0.000977190	31.0	0	0.008222072308639129	0.01454490346623323	0.02003836110150017	0.02719886405351713	0.0508260176590808
0.000977190	32.0	0	0.008339402071057708	0.01478782848210867	0.02072822918196952	0.028236649979138287	0.05253832051336492
0.000977190	33.0	0	0.008486871346122254	0.015162876613030615	0.021348465042616345	0.029335128010194087	0.053412371541242475
0.000977190	34.0	0	0.008602311015330192	0.015610379927679205	0.022130341598304806	0.0302071727805893	0.054375341290650345
0.000977190	35.0	0	0.008918900723613343	0.016019033839912523	0.02280347809306049	0.031176639474077873	0.05544334192818126
0.000977190	36.0	0	0.009261538814199704	0.016465263441719905	0.02352098038245165	0.03213713350169434	0.05646420424154147
0.000977190	37.0	0	0.009531150259527641	0.016866235122606252	0.024133325563802183	0.033065565460249594	0.05748864992630574
0.000977190	38.0	0	0.009568238591433168	0.01726481557145952	0.024830687365454608	0.033944043880089626	0.05919014116393963
0.000977190	39.0	0	0.009604293045507077	0.01763666214155744	0.025653784145225123	0.03491422842443664	0.060549829571655965
0.000977190	40.0	0	0.009823768698900481	0.018061528349487137	0.026354645702617308	0.03595361925792351	0.061964051179177755
0.000977190	41.0	0	0.010100484172611614	0.018576407198765243	0.02710438091913301	0.03702496168616585	0.06346020254266292
0.000977190	42.0	0	0.010301403363379119	0.019080574320668862	0.027938452392292555	0.03804324837817212	0.06503032588748037
0.000977190	43.0	0	0.010577692845716849	0.0196182402303728	0.028938850299308982	0.039044933488942134	0.06672590371387144
0.000977190	44.0	0	0.010836570427851909	0.020128483349087935	0.029733410461841754	0.0400400280444313	0.06857004173527816
0.000977190	45.0	0	0.010873186198353563	0.020851643805478916	0.030638962517106738	0.04112730488120553	0.07057217616908451
0.000977190	46.0	0	0.011115283235839263	0.021346662159020993	0.031467251645439856	0.04237752614730797	0.07276193704835637
0.000977190	47.0	0	0.011315299598930767	0.021927817971764314	0.03229542006272536	0.0438047499830871	0.07395865851371541
0.000977190	48.0	0	0.01135378155393397	0.022678634549461382	0.033190218823608876	0.045141520991748514	0.07616386767062323
0.000977190	49.0	0	0.01155177421133102	0.023516956965586016	0.034061286010277525	0.04642494210815517	0.07846876706691125
0.000977190	50.0	0	0.011623305918737926	0.024159545359145745	0.03496674006920786	0.04794930673444803	0.08085633203799526
0.000977190	51.0	0	0.011759735008943733	0.02488082419146576	0.03600124933803181	0.04920735889631312	0.08283591584281465
0.000977190	52.0	0	0.012068210010491813	0.025559229627203667	0.03708158241124539	0.050611286283878516	0.08464742034067346
0.000977190	53.0	0	0.012127813838663386	0.026202007213348963	0.037988548115356416	0.052067596737816316	0.08763620651500682
0.000977190	54.0	0	0.012260881461252834	0.026759998238371583	0.039134366659094394	0.05377743845880228	0.09043487795076946
0.000977190	55.0	0	0.012394483759420661	0.027545937428263143	0.04047384035925819	0.05548242561201923	0.09246549824015776
0.000977190	56.0	0	0.012638764710870158	0.02844353368503882	0.041295340674589044	0.057283783685826754	0.095258936426311
0.000977190	57.0	0	0.012690752161435498	0.029143269892150214	0.04238302923575789	0.05884363499431267	0.09800458127223056
0.000977190	58.0	0	0.012742846426651775	0.02984409425781613	0.04359014428192176	0.06024349030564291	0.10015038188064615
0.000977190	59.0	0	0.013067427170281509	0.030740511722837528	0.04481486753486051	0.06187334239700081	0.10283821634052448
0.000977190	60.0	0	0.013278823212067236	0.031501363614083636	0.04616330303385964	0.06356944440008942	0.10493859834892864
0.000977190	61.0	0	0.013515797890434222	0.032318463260784705	0.04745984628953237	0.06537971124988397	0.10707314646779531
0.000977190	62.0	0	0.013989986289724534	0.03332450084869702	0.04853891901428538	0.06707431552101215	0.10948463786193531
0.000977190	63.0	0	0.014521994717008423	0.03458013778657362	0.049830736239403345	0.06888222967213445	0.11165935348311322
0.000977190	64.0	0	0.014979313735204254	0.03542981117912148	0.050930769648838733	0.07039439914523586	0.11385846053204794
0.000977190	65.0	0	0.015643034763375918	0.036531328741508176	0.05206066758066166	0.07219643690595329	0.11646604312831522
0.000977190	66.0	0	0.016131030507029555	0.03767605650589989	0.053286005488032286	0.07369650631122854	0.1195078078488181
0.000977190	67.0	0	0.016510633275622855	0.03868209396958672	0.054573185906707705	0.07565980867909197	0.12146656352693243
0.000977190	68.0	0	0.016712020124644174	0.03956157760127365	0.055823362044347874	0.0776039491961224	0.12377708770761767
0.000977190	69.0	0	0.017271255067490793	0.04050646158606914	0.05718594581718002	0.07922470976122473	0.12753498862370632
0.000977190	70.0	0	0.018116478015305866	0.04144906360052585	0.05859205637056927	0.08103539336808852	0.1306861322544032
0.000977190	71.0	0	0.018664319808080213	0.04246746580895527	0.06018670161867712	0.0827190567238445	0.13342743923899072
0.000977190	72.0	0	0.01915660220289934	0.043706585725523536	0.06169223801085336	0.08490260338714056	0.13618218478022423
0.000977190	73.0	0	0.019791697245727786	0.04494511021707262	0.06307353525887974	0.08709192849377474	0.13895581356147876
0.000977190	74.0	0	0.02036654457784886	0.04601079940387301	0.06475683907256535	0.08930284292346116	0.14213881780472168
0.000977190	75.0	0	0.020866237936571944	0.04719333262565414	0.06630675136892106	0.09158984589575228	0.1453307056971716
0.000977190	76.0	0	0.02119810164438538	0.04821268300040857	0.06775890996188935	0.09357775329451146	0.1479899339086788
0.000977190	77.0	0	0.021917991628537192	0.04922888883214725	0.06906939341394452	0.09567047053302066	0.1520927210901656
0.000977190	78.0	0	0.0220489370600825	0.050486304602212595	0.07042599824104456	0.09776160101441368	0.15466068236249048
0.000977190	79.0	0	0.022728317270878106	0.05166412728777102	0.07239320651450432	0.09979271223321819	0.15721110169274946
0.000977190	80.0	0	0.023051767371341004	0.052694118504285674	0.07403306426612573	0.10194472642832053	0.16002018405501822
0.000977190	81.0	0	0.023502388956040506	0.054043410916762555	0.07581775518037548	0.1042131214757499	0.16383958520611627
0.000977190	82.0	0	0.02468380754833722	0.05535126749402072	0.07771150357614841	0.10673067175105509	0.16802626651672906
0.000977190	83.0	0	0.025846417815126248	0.05630435741978303	0.07939740360882128	0.10911703745573466	0.17002370674091408
0.000977190	84.0	0	0.026643213718924974	0.05807583155282509	0.08124596057512767	0.11139527299209603	0.17352140866241078
0.000977190	85.0	0	0.027460378716478728	0.05949005183981606	0.08334773302310597	0.1135661195875658	0.17725919070558696
0.000977190	86.0	0	0.02803607248255208	0.06093297192599266	0.08506318049073056	0.11583411556809671	0.1808442718516093
0.000977190	87.0	0	0.029011998598917555	0.06233367142191667	0.08702753446228186	0.11781618302581566	0.1845327015189978
0.000977190	88.0	0	0.02925160409023378	0.06384857630478599	0.08891140991874542	0.12021990107095502	0.18719265168868993
0.000977190	89.0	0	0.029503691401398555	0.06537510367760599	0.09048767214581786	0.1226442097991861	0.18969171628936318
0.000977190	90.0	0	0.02977809677426151	0.06684120234631981	0.09237151435826885	0.125042303039058	0.19225681129093758
0.000977190	91.0	0	0.030649160319308477	0.0681949801939891	0.09470920285633315	0.12750199086834113	0.19484430897786686
0.000977190	92.0	0	0.03131633770632828	0.06961231844244098	0.09659869509721325	0.1299409870957389	0.1974586890633196
0.000977190	93.0	0	0.03181260718830414	0.07084473430671474	0.09837210643787285	0.1324843795638884	0.20038470273198059
0.000977190	94.0	0	0.03239462415496495	0.0725761437868235	0.10026900479506612	0.1352549842968906	0.2048474757258481
0.000977190	95.0	0	0.033598764078924225	0.0738326243427017	0.10261803817632983	0.1377502488866177	0.20929853858365208
0.000977190	96.0	0	0.035439431538878574	0.07539267526246682	0.10485911249159546	0.14038308800396052	0.21288463195859067
0.000977190	97.0	0	0.036069420034570136	0.0765359523124594	0.10678109240896944	0.14292439636884732	0.21815174029955658
0.000977190	98.0	0	0.03666676021151063	0.07817841266051091	0.10839855675910198	0.14579380563367728	0.2215830983527807
0.000977190	99.0	0	0.037232171498741404	0.08012015664170105	0.11039454192430237	0.1482547412516878	0.2255112813196449
0.000977190	100.0	0	0.037936591643803634	0.08222080161832637	0.1125051926016539	0.15158100382814813	0.2299195613159404
0.000977190	101.0	0	0.03861714816479738	0.08421103875040385	0.11471996629650325	0.1546127075063154	0.2346195043315709
0.000977190	102.0	0	0.039338449399990295	0.08630748792535056	0.11706616258622017	0.1572493796210108	0.23931117652609074
0.000977190	103.0	0	0.039956373558238	0.08785751647048494	0.11916222837095727	0.15969166079869326	0.2430728594577023
0.000977190	104.0	0	0.04091983094938559	0.0892105972949675	0.12150643908704366	0.1620840573521345	0.24661037575012146
0.000977190	105.0	0	0.04176824598037291	0.09089303549453251	0.12407704909071998	0.1647629075641255	0.25017459156547506
0.000977190	106.0	0	0.04269126271159847	0.09257857643680015	0.12623392745830025	0.16717928582518554	0.2537776122406912
0.000977190	107.0	0	0.043466354266185704	0.09441107885158895	0.1289172298517735	0.16988673383512676	0.25743247306080935
0.000977190	108.0	0	0.04483579784533874	0.09656172955891108	0.13146620576706766	0.17288608236946512	0.2611413822937008
0.000977190	109.0	0	0.04537990288838795	0.09871447795339866	0.13407325490079935	0.17611518380530727	0.26490614589622835
0.000977190	110.0	0	0.04645750021094795	0.10032707885838213	0.13619179062777467	0.17943167671398125	0.268731256707278
0.000977190	111.0	0	0.047393563368810204	0.10210310922021287	0.13834818944069052	0.182027725450154	0.2726240255865073
0.000977190	112.0	0	0.04858884541688546	0.10449646010461228	0.14072000671721674	0.18489726092167824	0.2765814560477463
0.000977190	113.0	0	0.04988268020921703	0.10637585245377552	0.14294810625193494	0.18755476187182007	0.28075291905057065
0.000977190	114.0	0	0.051236487830103906	0.1082505549767517	0.1456360437614605	0.19106557810066271	0.28632590510096345
0.000977190	115.0	0	0.05219742332966581	0.11033567422331382	0.14786218764957174	0.1937987336749064	0.2916408090402208
0.000977190	116.0	0	0.05315957639205597	0.11238010110161967	0.1503513757373493	0.196799238639085	0.2954767798418979
0.000977190	117.0	0	0.05449566604740007	0.1146211095724246	0.15282377682125559	0.1999630917314223	0.29928640653028615
0.000977190	118.0	0	0.05582941947453822	0.11635066387863652	0.15548953440716984	0.20306251979032475	0.30347636472232303
0.000977190	119.0	0	0.05717164519757345	0.11872215804103975	0.15785500626312188	0.20624335841108787	0.30830801506437994
0.000977190	120.0	0	0.05853084131228683	0.12077035606350023	0.16060960536219882	0.20963531396906504	0.31313284418715776
0.000977190	121.0	0	0.0597763736619355	0.12276633684306595	0.16287761469694562	0.21267774567832679	0.31723555696141564
0.000977190	122.0	0	0.06058118481513855	0.124978283460774	0.16555799981112754	0.21614738411631318	0.32113780264080266
0.000977190	123.0	0	0.061909680006478625	0.12692250000069305	0.16799621454149066	0.21933857106502283	0.3250426991086783
0.000977190	124.0	0	0.06332491713113397	0.12922104317840633	0.1707609898075772	0.22273431933951043	0.32893944424495974
0.000977190	125.0	0	0.0647692201079654	0.1309927588550054	0.17348134995833014	0.22584902415463579	0.33284237423301466
0.000977190	126.0	0	0.06626385207609803	0.13322007785096457	0.17649235114564077	0.22937242147636078	0.3367586231765999
0.000977190	127.0	0	0.06779350776660761	0.1352666958531108	0.17947611451188883	0.23320643568484092	0.34155316929334095
0.000977190	128.0	0	0.06937376658816725	0.1383199130084491	0.18198573718082078	0.23677646455391155	0.34659984404044253
0.000977190	129.0	0	0.07113123275451808	0.14090259935227153	0.18461830429014198	0.2409967919484572	0.3517897149940052
0.000977190	130.0	0	0.07275305073166484	0.14315973691846626	0.18763681466515444	0.24502160266792805	0.3570517898693763
0.000977190	131.0	0	0.07421133339335471	0.14591644907782625	0.19084767097949593	0.248665958039799	0.3622393643514443
0.000977190	132.0	0	0.07650170594686415	0.14834933256086763	0.19376763700843774	0.2526624375017698	0.3676062684354584
0.000977190	133.0	0	0.07834656058594969	0.15044436491510293	0.1967683717473876	0.25683596145755705	0.37288887360197204
0.000977190	134.0	0	0.07931314674683641	0.15246057906881044	0.1994556327487156	0.2606997510974024	0.3781637786996612
0.000977190	135.0	0	0.08032646814703602	0.1546660122964598	0.20229703340536415	0.2636494621475404	0.3834273889273821
0.000977190	136.0	0	0.08138213156263827	0.15727394316751972	0.20527844985702182	0.2667496316571894	0.38866012666848676
0.000977190	137.0	0	0.08266089177533298	0.15966194364365768	0.20860604493961446	0.2701130683329723	0.39386635755575544
0.000977190	138.0	0	0.08458035579246692	0.16211706325409822	0.21187262205323282	0.2733736082742618	0.39905039158070754
0.000977190	139.0	0	0.08651832643194941	0.16473329073532725	0.2147694514476749	0.2766644679802827	0.4040854666948708
0.000977190	140.0	0	0.0890164937058254	0.16757377961650738	0.2178687980726275	0.28000612905240896	0.4093615608741953
0.000977190	141.0	0	0.09158360048073548	0.16957909367381627	0.22128802470909012	0.2833357924509589	0.41404021853738815
0.000977190	142.0	0	0.09305696033169017	0.17218647552377647	0.2242271558233171	0.28673877808059783	0.41962773111983814
0.000977190	143.0	0	0.09449357309993542	0.1749075820962872	0.22718459855684994	0.2906628254206753	0.42463174066415027
0.000977190	144.0	0	0.09589308206112351	0.17746971167557046	0.23037756326061212	0.29388094152550853	0.429566276273824
0.000977190	145.0	0	0.09773671958000049	0.18024377083395587	0.23384935940761856	0.2971055521285477	0.4344532616247097
0.000977190	146.0	0	0.09950589780346833	0.1828897281684202	0.23759590838824102	0.3005040184414775	0.4394305909547417
0.000977190	147.0	0	0.10162690949526525	0.1854277813239072	0.2410304758575065	0.30529984410017097	0.4448373681542749
0.000977190	148.0	0	0.10282384678970816	0.18787862547260267	0.24388079510452665	0.3099730825267546	0.45026032978933317
0.000977190	149.0	0	0.10402482928855962	0.19046076188919392	0.24709016457028488	0.3138693870985548	0.45567427132706295
0.000977190	150.0	0	0.10524441933667052	0.19330247320913435	0.25067472886833236	0.31789792968023656	0.4610775027455877
0.000977190	151.0	0	0.10737429159837976	0.1963345155501282	0.2539247242931408	0.3216213960149729	0.4664703061883621
0.000977190	152.0	0	0.10982114533903237	0.19941022196680358	0.2571388892682046	0.32544702822148075	0.4718531434171063
0.000977190	153.0	0	0.11219945954554439	0.2022406519755352	0.26054057084138715	0.32919728572225965	0.47722648913617527
0.000977190	154.0	0	0.11398996945449374	0.20491319428840313	0.2638364047505918	0.3332870477034612	0.48259112198350373
0.000977190	155.0	0	0.11517472973823327	0.20738208835747654	0.26740584589192595	0.3374538699936901	0.48794795538736246
0.000977190	156.0	0	0.11637625122451424	0.210113581375994	0.27022999095584893	0.3413988974687933	0.49329845423907226
0.000977190	157.0	0	0.11759867566472125	0.21281485709084946	0.27315235681872785	0.3453764250351479	0.49864532444672377
0.000977190	158.0	0	0.12003266227360417	0.2152278347637783	0.2763093447679534	0.3501293409624715	0.5039941216359489
0.000977190	159.0	0	0.12268044753844237	0.21829729635706588	0.2800083570148037	0.35480938143027707	0.5093558364343406
0.000977190	160.0	0	0.1248533861161335	0.22128825078473546	0.28393125086875926	0.3595343469461638	0.5147514483235741
0.000977190	161.0	0	0.1261766713658885	0.22428211249701627	0.2875998083049861	0.36383187829102703	0.5202174177825548
0.000977190	162.0	0	0.1276812510593339	0.22709284130962856	0.29079636801922637	0.3679984501301143	0.5258048793955441
0.000977190	163.0	0	0.12948940352962698	0.23052951283377	0.2942432353914134	0.37212179727230854	0.5317627569549211
0.000977190	164.0	0	0.13102146689191035	0.23290243156433338	0.29777669369072085	0.37626042728708115	0.5377387289899612
0.000977190	165.0	0	0.1325538753482615	0.2357502292674263	0.3019116866556282	0.3805745635209952	0.5437581594286338
0.000977190	166.0	0	0.13410366579652494	0.23857423559927293	0.30576394603759793	0.3851151448265989	0.5500240881673121
0.000977190	167.0	0	0.13636613742470322	0.24143850207127177	0.3096718805464912	0.3897080811096503	0.5563357002496764
0.000977190	168.0	0	0.1376844243904383	0.2439320236784919	0.3135700829211725	0.3942064329630918	0.5626768247254356
0.000977190	169.0	0	0.13870056276180187	0.24709801970176593	0.3174230910447432	0.398574422396761	0.5690383170024431
0.000977190	170.0	0	0.14081347761473675	0.2507629606253687	0.3215322585391446	0.40337683855491585	0.5753582009371918
0.000977190	171.0	0	0.1421817893939186	0.25365414989476487	0.32565148400228694	0.4077236582901283	0.5816938719381134
0.000977190	172.0	0	0.1441200828441754	0.2564953758683983	0.3289565663493951	0.4124725158814867	0.5875754522922692
0.000977190	173.0	0	0.14639005495212046	0.2596953007403079	0.3319385275987071	0.41753843904307025	0.5933061075218999
0.000977190	174.0	0	0.14866267586982598	0.2627742343319516	0.33515470826712224	0.4220492654371206	0.59910678028921
0.000977190	175.0	0	0.1509761969695747	0.26628856973862214	0.33908594841208695	0.4265706826521193	0.6049887596755956
0.000977190	176.0	0	0.15359297456297408	0.2696824975687926	0.3432881501505086	0.43166124307975723	0.6109686591800816
0.000977190	177.0	0	0.15555155381566663	0.27288372048811754	0.34718819021136615	0.4375100462973491	0.6170650305972464
0.000977190	178.0	0	0.157817981419773	0.27615406600338954	0.35118444377285285	0.44261547948081764	0.6232264318342808
0.000977190	179.0	0	0.1600830503329332	0.27929308612728576	0.35554335637840306	0.447474557311204	0.6293980784496046
0.000977190	180.0	0	0.16234654596125342	0.282593319910391	0.3594756339533069	0.4521518310508877	0.6355657502100123
0.000977190	181.0	0	0.1646082937743942	0.28594145215697064	0.36381984548769886	0.45705348215578306	0.6416158595946954
0.000977190	182.0	0	0.1668681517027994	0.28868261912275717	0.3677406302153615	0.46188718119338396	0.6479348405322786
0.000977190	183.0	0	0.16912591988587553	0.2923961999727136	0.3717949282430933	0.4666639361049122	0.6541120984326841
0.000977190	184.0	0	0.17138112270300557	0.295890826891288	0.37624610845346707	0.4711657619461651	0.6603033737557741
0.000977190	185.0	0	0.1736437529032833	0.2988419699293321	0.38034884943784525	0.47593246218897106	0.6665176911147024
0.000977190	186.0	0	0.17591865600104195	0.3026314226763084	0.38440860524982734	0.4808821284785413	0.6725635539337084
0.000977190	187.0	0	0.1781894903166692	0.30659264287907556	0.38913670285871393	0.4861914556493931	0.6791004948888845
0.000977190	188.0	0	0.18045314801019188	0.31048560997839536	0.3931181704480413	0.49086911679364487	0.6854890779447164
0.000977190	189.0	0	0.18304103697389643	0.31359213770080524	0.39723252435689105	0.49556223239559194	0.6919265855166187
0.000977190	190.0	0	0.18491699198385678	0.31703382034652566	0.4008982623153831	0.5003941358088762	0.6983943383434822
0.000977190	191.0	0	0.18711345403849433	0.32049408158191306	0.40470065244430664	0.5053043171682254	0.7049013208916534
0.000977190	192.0	0	0.18931698326240523	0.324074784436673	0.4090305607315575	0.5102697982125352	0.7114364851631866
0.000977190	193.0	0	0.19123742328182503	0.32808742291721565	0.41296610895955266	0.5153043162897761	0.7180103060132166
0.000977190	194.0	0	0.19384673042152936	0.3311806473385274	0.4170646604736571	0.5205214731522989	0.7246698958350501
0.000977190	195.0	0	0.19654777429156123	0.33466509519380294	0.42136545979270684	0.5256165028876079	0.7314829307997646
0.000977190	196.0	0	0.19928488498824376	0.3377533155263069	0.42595807830145865	0.5308804955393183	0.7379790535483117
0.000977190	197.0	0	0.20206544040186822	0.3419035746986472	0.429798081626403	0.5358800831159493	0.7444481869686852
0.000977190	198.0	0	0.20489301595078344	0.3457915839908332	0.43425081081857053	0.5407116191810541	0.7509632470196624
0.000977190	199.0	0	0.20776361907242358	0.34962616250941225	0.43863116182868267	0.5458786093007834	0.7575071042579427
0.000977190	200.0	0	0.21044587265414477	0.35322681025306	0.44301047657338555	0.5510850457680837	0.7640798973240656
0.000977190	201.0	0	0.2119661068245477	0.3569526058921714	0.4476737475752473	0.5563396837382595	0.7706737486501237
0.000977190	202.0	0	0.21350839167423602	0.3610328139992548	0.451816723529154	0.5616639896511242	0.7776016296744611
0.000977190	203.0	0	0.21509012005983852	0.3651140943010141	0.45590284972905626	0.5670616566954292	0.7854190125385647
0.000977190	204.0	0	0.2167395863020498	0.3688379706167497	0.4603661683847751	0.5725677921149523	0.7924161729001775
0.000977190	205.0	0	0.2184945970598646	0.37276557897518064	0.4651367541176392	0.5783802898743237	0.7987318283448789
0.000977190	206.0	0	0.22038398073911805	0.37656997806149467	0.46956474956818905	0.5837927289991713	0.8054399386948632
0.000977190	207.0	0	0.22239271624116363	0.3798134896745487	0.4738244222793522	0.5900622183750261	0.8122918268298762
0.000977190	208.0	0	0.224783406969573	0.3833108041435716	0.4783146652130072	0.5958884548883243	0.821302490911467
0.000977190	209.0	0	0.22727346765173084	0.3870106849609118	0.4826529947350118	0.6017107742432615	0.8290848911899346
0.000977190	210.0	0	0.22979612098045532	0.3910204592061362	0.48709800149126453	0.6071071785186941	0.8367910075316414
0.000977190	211.0	0	0.2324070462588488	0.3952407428034736	0.49180642101314326	0.6130490520876918	0.8444869625135907
0.000977190	212.0	0	0.23607767772777905	0.3990405221261182	0.49651862829695653	0.6188185850304921	0.8521781967017354
0.000977190	213.0	0	0.23990645932359667	0.4030123245225052	0.5014680948995556	0.6240936121466594	0.8598645272766426
0.000977190	214.0	0	0.24384104679421217	0.4069906580308492	0.5062555393382839	0.6296066694722086	0.8673389750996953
0.000977190	215.0	0	0.24785850294605222	0.4109178587276031	0.5106845925327066	0.6350890998382135	0.874662605371273
0.000977190	216.0	0	0.25196176272190496	0.4149464690530809	0.5154862089392722	0.6403275318661154	0.8819740149876627
0.000977190	217.0	0	0.2561367238457867	0.41861919025407435	0.5201763164089295	0.6453150597536855	0.8892718417130654
0.000977190	218.0	0	0.26035728882409537	0.42282194633333375	0.5249214659236583	0.6510007532523232	0.8965545954514992
0.000977190	219.0	0	0.2644633667576468	0.42719268460127807	0.5294791957064933	0.6565723570525422	0.9050200257674224
0.000977190	220.0	0	0.2674846737609621	0.43103346748510313	0.5346338627970761	0.6617759254582583	0.9135804006799924
0.000977190	221.0	0	0.2706168507852582	0.4355012486551499	0.5392024576590535	0.6676922361394959	0.9212495365986513
0.000977190	222.0	0	0.2746539957575961	0.4400770980262699	0.5435016700162152	0.6734237816848554	0.9288837238923099
0.000977190	223.0	0	0.27663111905473065	0.4448117050938619	0.5477972903146575	0.6788657468397783	0.9363619037760352
0.000977190	224.0	0	0.2793591826137388	0.449517217531881	0.552008640444306	0.6841074190612907	0.943573197266648
0.000977190	225.0	0	0.2820871465709932	0.4541845976968477	0.5567538592570005	0.6898718857995105	0.9507812782752868
0.000977190	226.0	0	0.2857468817409599	0.4588333409052338	0.5615620218127053	0.6959864663057775	0.9579859046512331
0.000977190	227.0	0	0.28878119386524115	0.46311751072702156	0.5671526395597525	0.7007798922091948	0.9651866967193
0.000977190	228.0	0	0.2918514771385809	0.46827295819118975	0.5720034249760348	0.7063235199456037	0.9723815977687441
0.000977190	229.0	0	0.2949335223385326	0.47236146353543895	0.5769705611086802	0.7118828529984264	0.9808590808471476
0.000977190	230.0	0	0.29803381279407937	0.4763285166220565	0.5817151508205998	0.7174850379459674	0.9880851376950395
0.000977190	231.0	0	0.3017522009977876	0.4805488988679773	0.5859596238679998	0.7229671204741608	0.9959821416260785
0.000977190	232.0	0	0.3045288827406632	0.48493641952766775	0.5906981426979578	0.7286704503235846	1.0038940033637205
0.000977190	233.0	0	0.3075058436315777	0.4889956234955331	0.5957226699680334	0.7339043119447741	1.0118377899279571
0.000977190	234.0	0	0.3108064594595971	0.4933618370707338	0.6004333138351308	0.739501000205421	1.019820026787099
0.000977190	235.0	0	0.3142203238119069	0.49776323839081077	0.6053855584283323	0.7456164352924451	1.0277193645912128
0.000977190	236.0	0	0.31773785191683745	0.5023305260343846	0.6103767337094801	0.7517608864996498	1.035323583199155
0.000977190	237.0	0	0.3213408292841215	0.5073665016416793	0.6156851514792334	0.7582834755985772	1.0429520919163182
0.000977190	238.0	0	0.32500654834887127	0.5119059632003136	0.6215516648704624	0.7648076150608402	1.0506248162200784
0.000977190	239.0	0	0.32869042750709637	0.5164544726637277	0.6264865769564378	0.7715495207198964	1.0583707031464655
0.000977190	240.0	0	0.3318484737691389	0.521027839572429	0.6310791576319396	0.7779068373309921	1.066224761815935
0.000977190	241.0	0	0.33535048271717144	0.5258913739317461	0.6365051848432015	0.784215826636165	1.0742150256633671
0.000977190	242.0	0	0.33889819884044753	0.5308579530875057	0.6420787981579679	0.7909591864344852	1.0823257692057364
0.000977190	243.0	0	0.34218776830623593	0.5360347981924488	0.6472512695947557	0.7979261354360847	1.0905337661386143
0.000977190	244.0	0	0.34571426653392595	0.5411592762108148	0.6521454133357669	0.8047497546924336	1.0988486705974205
0.000977190	245.0	0	0.34893641357997646	0.5462981671243575	0.6577415469962867	0.8113472226533083	1.1060458466712235
0.000977190	246.0	0	0.3520614952928873	0.5511942575371935	0.6631157443447021	0.8178516208026751	1.1131236050574447
0.000977190	247.0	0	0.3544360703952206	0.5561986200625814	0.6682362781922859	0.8243734596572135	1.1202039890062432
0.000977190	248.0	0	0.3567858827837973	0.5612842175482644	0.6738727601256377	0.8309181161718642	1.1281985235739846
0.000977190	249.0	0	0.35979936491934345	0.5658612449177609	0.6791082157381709	0.8374863010611093	1.137149071068849
0.000977190	250.0	0	0.3629275490859339	0.5706820026412601	0.6848755777210862	0.8439646627729379	1.147235269032965
0.000977190	251.0	0	0.3661431558254346	0.5759068909007328	0.6903559351963251	0.8503037082755105	1.1553011813199603
0.000977190	252.0	0	0.3694713731312644	0.580653715087883	0.6956899940543163	0.8560622685673754	1.164468492565406
0.000977190	253.0	0	0.37287368883131	0.5850553709007593	0.7011794545831096	0.8631256874823425	1.1736923531617043
0.000977190	254.0	0	0.37631712290416003	0.5895672087394729	0.7067880948428485	0.8703605304116565	1.182763264538094
0.000977190	255.0	0	0.379791842854162	0.5946862738203487	0.7126400462248981	0.8771100514587663	1.1900891066315844
0.000977190	256.0	0	0.3832929439124839	0.5999821660090656	0.7185672561793739	0.8836782645631726	1.1971569033512597
0.000977190	257.0	0	0.38682246676204385	0.6053550523325923	0.7240681638140745	0.8908952816852808	1.2042565219088046
0.000977190	258.0	0	0.39021849918874635	0.6107751084395924	0.7295781785377078	0.8984554727867042	1.2133282755827826
0.000977190	259.0	0	0.39339457438698494	0.6158420330223107	0.7344771114182715	0.9053557248801467	1.2224278145646903
0.000977190	260.0	0	0.39657178741730265	0.6210948061277498	0.7395713817493221	0.9128510705223011	1.2308492454556974
0.000977190	261.0	0	0.40037297343738926	0.6257456915393853	0.744881741825627	0.9199175593030564	1.2386452646373571
0.000977190	262.0	0	0.40463799999746436	0.6299878213003196	0.7504779372061654	0.9270606507049889	1.2465050810519487
0.000977190	263.0	0	0.40818218442291315	0.63484690608658	0.7564865372885536	0.9341170763607504	1.2551535479672586
0.000977190	264.0	0	0.41172651806355004	0.6398014659794871	0.7625373876597106	0.9410916006600302	1.263791704658087
0.000977190	265.0	0	0.41520904864772	0.6452729412997192	0.7682610150647963	0.9481036786395699	1.2724192894700168
0.000977190	266.0	0	0.4181276110360741	0.6504147971480818	0.7745505205806401	0.9548047113780249	1.2810459729949801
0.000977190	267.0	0	0.4210679733660029	0.6549443330433053	0.7812680038823352	0.9613738191170564	1.2896719592968344
0.000977190	268.0	0	0.4240316046516558	0.6596300995698184	0.7870157614801889	0.9683459064130853	1.2982973903904511
0.000977190	269.0	0	0.42701895561337594	0.6648294891871208	0.7923546219471415	0.9748501255858567	1.3069051460289336
0.000977190	270.0	0	0.4314659017158094	0.6695824191590866	0.7976990498963288	0.9818708396725102	1.3155055143917218
0.000977190	271.0	0	0.4348229477700092	0.6747345672402906	0.8036587875022149	0.9887464440935807	1.3241073864458641
0.000977190	272.0	0	0.43785834030481996	0.6805114350908801	0.8101947308007797	0.9956277139272283	1.3327136180234025
0.000977190	273.0	0	0.4409071188251149	0.6860429940292565	0.8174537726557605	1.002333641334066	1.3415210385650063
0.000977190	274.0	0	0.4439736384711135	0.691456648426271	0.8234178206433804	1.0099792861254895	1.3500068745867104
0.000977190	275.0	0	0.4471529553721727	0.696668043772815	0.8296506319646526	1.0181950116376925	1.3587004518439414
0.000977190	276.0	0	0.4512522549696354	0.7018459043080256	0.8362585882849163	1.0256647018073057	1.3675150478625209
0.000977190	277.0	0	0.45606434507536037	0.7070782440985118	0.8429607154404235	1.0321624840049668	1.3773484807969278
0.000977190	278.0	0	0.4606676596027967	0.7124431438327968	0.8489060737542131	1.0395614900343308	1.3870406740689345
0.000977190	279.0	0	0.46515502746962434	0.7178470749729988	0.8549657758950988	1.0474457415221257	1.3967206776700487
0.000977190	280.0	0	0.4688326737250775	0.7232913255625442	0.8612319908968069	1.0545276837533084	1.4059415494770509
0.000977190	281.0	0	0.4732567757190926	0.72800563171401	0.8677212362003921	1.060546146392335	1.4143094714011546
0.000977190	282.0	0	0.4765360742892752	0.7328597491119785	0.8739693304699947	1.0670900166349593	1.4227965655422505
0.000977190	283.0	0	0.4803474003839461	0.7371922981324773	0.879893132868459	1.0753711106920973	1.4328537297269506
0.000977190	284.0	0	0.48425387176875784	0.7416543575751515	0.8858381188485822	1.0838343139792441	1.44296011693984
0.000977190	285.0	0	0.48817250899365455	0.7459848849983105	0.8926744925130191	1.0908166017664824	1.4522037559185677
0.000977190	286.0	0	0.49209101036092556	0.7504305977568659	0.8994377415018825	1.0978288280503228	1.4610600818532624
0.000977190	287.0	0	0.49541390316853307	0.7546886232120689	0.9055549966052145	1.105192268296627	1.469919542486811
0.000977190	288.0	0	0.4986349540542361	0.7596439227370523	0.9116347522399378	1.1120743079681457	1.4787683795271978
0.000977190	289.0	0	0.5024810608059695	0.7649496634992861	0.9181493511811472	1.1189669698826838	1.4876090661728227
0.000977190	290.0	0	0.5063172017094815	0.7700909063647707	0.9244094499941924	1.1258958072811533	1.4985970047704567
0.000977190	291.0	0	0.5101485631632958	0.7751729344657129	0.9304301935236028	1.1331830487987766	1.5097196793200558
0.000977190	292.0	0	0.5139809488035751	0.7806853870915788	0.9373158851229715	1.14175343826634	1.52089075072365
0.000977190	293.0	0	0.5178468271939588	0.7869465975834741	0.9443583017579362	1.1494671617562995	1.5308504538924064
0.000977190	294.0	0	0.5217567304392162	0.7927803284699897	0.9513468133641726	1.1565951462807813	1.5397317352610431
0.000977190	295.0	0	0.5257232112825516	0.7989688616437534	0.9572382136785579	1.1637273874023448	1.5486115131453402
0.000977190	296.0	0	0.5297930951360139	0.8042308231020499	0.9630801453946287	1.1706930086685972	1.5574898474526389
0.000977190	297.0	0	0.5340352559748829	0.808864821497068	0.968975676335736	1.1775992679639526	1.566021074873207
0.000977190	298.0	0	0.5385125148629912	0.814186807703752	0.976000363043811	1.1845502357679776	1.5745146068138511
0.000977190	299.0	0	0.5431784116524755	0.8199580810300262	0.9836733010699527	1.1928156332393693	1.5830087038644851
0.000977190	300.0	0	0.5479802766216788	0.8252304169599092	0.9910007922566213	1.2001233149660484	1.59150424680184
0.000977190	301.0	0	0.5528185579066043	0.830502606186966	0.9976597779468586	1.2074361849970254	1.5999978092490428
0.000977190	302.0	0	0.5576498925855823	0.8359733320315459	1.0043319300561775	1.2147567168124032	1.6084948680894626
0.000977190	303.0	0	0.5609953837472824	0.8427974219097387	1.0104627991496207	1.2223750352478588	1.6169942535216058
0.000977190	304.0	0	0.5640192117674367	0.8493764548573235	1.0165369224867211	1.2302994053622713	1.6255022365529113
0.000977190	305.0	0	0.567870868048202	0.8543534695372953	1.0235593429213354	1.2385883026960505	1.6340277747741645
0.000977190	306.0	0	0.5719631427676202	0.8595707952707836	1.0306362198091072	1.246951025913282	1.6425784519866324
0.000977190	307.0	0	0.5760456465534741	0.8657820857776599	1.03771871777422	1.2552825104995358	1.6511638452532433
0.000977190	308.0	0	0.5801159334013064	0.8721490490089078	1.044811104898872	1.263607063135948	1.659794953795892
0.000977190	309.0	0	0.5851037935166586	0.8774932066507539	1.051919522141407	1.2720383081298337	1.6693294078380936
0.000977190	310.0	0	0.590482217312286	0.8827031882708842	1.058580205271801	1.280598259254146	1.677953559760935
0.000977190	311.0	0	0.5958973725826514	0.8877724559537981	1.0650320462807739	1.287959386321522	1.6866052401352025
0.000977190	312.0	0	0.6013685073408408	0.8936948997329157	1.0720866163150817	1.2955649961123292	1.6952993395705493
0.000977190	313.0	0	0.6062814018196759	0.8991909267879887	1.0789533986336872	1.3038069098908651	1.7040194422332362
0.000977190	314.0	0	0.6097294146729871	0.904452559147231	1.086066592015038	1.3122173468951197	1.7132718565204692
0.000977190	315.0	0	0.6131783109368955	0.9099746393926286	1.0932220657697798	1.3211912047496124	1.7227667203228063
0.000977190	316.0	0	0.6166287638062097	0.915724065752044	1.1003415738455078	1.329106025454239	1.7323329188995875
0.000977190	317.0	0	0.6200819511116198	0.9220442701672616	1.1073039780381353	1.337309908064336	1.741916010775018
0.000977190	318.0	0	0.6235530826289211	0.9277117207050797	1.1139942774445823	1.3445985606912918	1.7514511323884336
0.000977190	319.0	0	0.6270489020224556	0.9334005542044783	1.1207336483914832	1.3521907165752078	1.7609153573305505
0.000977190	320.0	0	0.6305588345959112	0.939535633840129	1.1275145123979788	1.3613843234682126	1.7705437894624112
0.000977190	321.0	0	0.6353882635418215	0.9449565116072156	1.133502463630085	1.3687776276288874	1.780090554143835
0.000977190	322.0	0	0.6404411153138484	0.9509471538351485	1.1395242702232324	1.3761761821862102	1.7896364541083505
0.000977190	323.0	0	0.6454875085547789	0.9577687837469753	1.1454180275676276	1.3842291210530266	1.7997992815234696
0.000977190	324.0	0	0.650528471090073	0.9649700161752695	1.1520211962162596	1.3923624871197693	1.810105762175755
0.000977190	325.0	0	0.6555647848321722	0.9714437237602604	1.1591036081153658	1.4013090657365421	1.8205067342811316
0.000977190	326.0	0	0.6606130995872836	0.9786230373489587	1.1662522683354033	1.410149430800026	1.8325652081536699
0.000977190	327.0	0	0.6656688772604565	0.9861646553791452	1.1736286186243838	1.4188466769461487	1.844665162051165
0.000977190	328.0	0	0.6702943825272795	0.9935597054312957	1.181230274407993	1.427485349907669	1.8568151688198165
0.000977190	329.0	0	0.6744541687697005	1.000709158732681	1.1879107445920933	1.4353770694774872	1.8687639221986272
0.000977190	330.0	0	0.6786292765929572	1.0069777101406168	1.194996770335836	1.4429156508034409	1.8800320218557787
0.000977190	331.0	0	0.6828299651167796	1.012696294394699	1.2015703001540217	1.4504670421428796	1.8903519627690637
0.000977190	332.0	0	0.6870720601388762	1.0182699323246498	1.2086063194325285	1.4580529551905166	1.8999369082293973
0.000977190	333.0	0	0.6913792416467686	1.0238583097020675	1.215971017010106	1.4657238555046477	1.9095218657133035
0.000977190	334.0	0	0.6957552616869482	1.029748407694097	1.2231366313114418	1.4738125364276127	1.9191068701813174
0.000977190	335.0	0	0.7001575864564575	1.035898674093447	1.2298859876835837	1.4821268268397447	1.92869199709202
0.000977190	336.0	0	0.7045935244279273	1.0414393111880194	1.236873874973412	1.4904359868802666	1.9382773990978042
0.000977190	337.0	0	0.7089647141543183	1.0475224603122126	1.2445338104149313	1.4988752151767417	1.9478633736061424
0.000977190	338.0	0	0.7135097996897438	1.0541226871204046	1.2516481392451242	1.5075245045387167	1.9574504689818886
0.000977190	339.0	0	0.7179542565743596	1.0607753572255796	1.2580952772092322	1.5155506064645032	1.9669810975309903
0.000977190	340.0	0	0.7223946545095706	1.0674737645794572	1.2651799261459393	1.5239845502361256	1.9769080950632612
0.000977190	341.0	0	0.7268319377042457	1.074210314466457	1.2722415670314304	1.531906674673691	1.9872171920046273
0.000977190	342.0	0	0.7312640286233483	1.0813309122142638	1.2795350596291244	1.5407382400065477	1.9975211264830257
0.000977190	343.0	0	0.7356344865178158	1.0885497949778575	1.286735344193757	1.54904775149737	2.0078203660071536
0.000977190	344.0	0	0.7399401152810171	1.0957995822764302	1.2939582944164147	1.5587353213030852	2.0181153553702034
0.000977190	345.0	0	0.7442504492666935	1.1027491266573874	1.301272411565571	1.5666538847435714	2.028406521034407
0.000977190	346.0	0	0.748581373379011	1.1089310997064123	1.3086084036834813	1.5754424407846166	2.0386942764378344
0.000977190	347.0	0	0.7529136701754554	1.1146718513278426	1.31520276364625	1.5839801824949067	2.0495144879459217
0.000977190	348.0	0	0.7572477240861253	1.1213456681676797	1.3222804157619121	1.5921145369775522	2.059302062269036
0.000977190	349.0	0	0.7618138983051147	1.128747967371472	1.3295650092451243	1.600105540648487	2.0696396370604115
0.000977190	350.0	0	0.7670654448839506	1.1349277765133954	1.3360049108686596	1.6076547872217901	2.0799749048609857
0.000977190	351.0	0	0.7723333373614139	1.1406214486123023	1.343333316667609	1.6153078568377075	2.090677439963564
0.000977190	352.0	0	0.7776003685095209	1.146377863382023	1.351230863209774	1.623423415846214	2.1026043883913443
0.000977190	353.0	0	0.7828892517920801	1.1527167667302336	1.3587011858196902	1.6321149931090344	2.114569594742966
0.000977190	354.0	0	0.7881681735124468	1.1595504822237477	1.365747699864627	1.6406791621307668	2.1265703601220736
0.000977190	355.0	0	0.7926539000176689	1.1647650593857053	1.3727893206807567	1.6504921623642514	2.1386016939927104
0.000977190	356.0	0	0.797499253546035	1.1699853293156237	1.3797829057590172	1.6603094833605194	2.1506569061268332
0.000977190	357.0	0	0.8031634618379246	1.1769044925783634	1.3867197744188084	1.669819697089359	2.162728649223029
0.000977190	358.0	0	0.8082822318760227	1.1841239652637026	1.3939712433521398	1.6792298878473695	2.1746179864988715
0.000977190	359.0	0	0.8133110776846487	1.1914008691106563	1.4015139914372887	1.6879499480266345	2.1863004177407057
0.000977190	360.0	0	0.818396380270436	1.1977612137696512	1.4104006517248555	1.6965484314710004	2.197987104345936
0.000977190	361.0	0	0.823565580968704	1.2050270989252458	1.4197381455118552	1.7056519850458158	2.2096741492387477
0.000977190	362.0	0	0.8288279816321411	1.212390812233399	1.428174649551362	1.7144668940250498	2.221361336236531
0.000977190	363.0	0	0.834151030148042	1.2192476990937906	1.4358265183540952	1.7229399170115258	2.2330487577018667
0.000977190	364.0	0	0.8394882841852966	1.226178696422976	1.4438652932194953	1.7309812691400421	2.24473657310997
0.000977190	365.0	0	0.8448549673127327	1.2320537008476995	1.4519310600154374	1.7388923388144986	2.2564250358989515
0.001180230	0.0	0	0.001900400926921252	0.002881973658941751	0.0037915238300890775	0.005052450096612547	0.010398939016314042
0.001180230	1.0	0	0.0030395243623078513	0.004607870559544958	0.006086334091557598	0.008144350561618316	0.017147001974414003
0.001180230	2.0	0	0.0037580040111414156	0.005704559764399575	0.007546839777519382	0.010076434385606212	0.021545285440782023
0.001180230	3.0	0	0.004243463389234656	0.00640619806199205	0.008505837217850788	0.011378554752589295	0.024514731326774664
0.001180230	4.0	0	0.004596846931099407	0.006952064386056573	0.00920278616750465	0.012281414471441985	0.026633885785318383
0.001180230	5.0	0	0.004866440988171382	0.007386247741670982	0.009737394423257766	0.012976232960732291	0.02824656452608608
0.001180230	6.0	0	0.005089609782480662	0.007748508956375498	0.01017024446789579	0.013464872428554153	0.02953345119578874
0.001180230	7.0	0	0.005262250291923721	0.008038414755800033	0.010580004126218954	0.014151335640344735	0.030681826879062145
0.001180230	8.0	0	0.005414861525784239	0.008336532459021998	0.010932218593138684	0.014625063300501135	0.03168538067231704
0.001180230	9.0	0	0.005554035463977281	0.008584968671871095	0.011274995011560873	0.015069600466121904	0.0328082747334708
0.001180230	10.0	0	0.005648187663905414	0.008844422661514478	0.011565405020934262	0.01542480132812702	0.03391696389519331
0.001180230	11.0	0	0.005802756739449598	0.00907740322441488	0.011871431622868803	0.015833254949880488	0.03497730370421404
0.001180230	12.0	0	0.00589754773349658	0.00936222311239509	0.012210008573975948	0.01629813709369245	0.03599092008443727
0.001180230	13.0	0	0.006018988706397165	0.009644482065571182	0.012549894835547139	0.01663772536153137	0.03693838462963884
0.001180230	14.0	0	0.006116525392706805	0.009827023755393498	0.012911051407924827	0.01708795360307223	0.03748748478476529
0.001180230	15.0	0	0.006209225001927156	0.010013801457835125	0.013258526346052114	0.01766092494555082	0.038014649235058234
0.001180230	16.0	0	0.006297171287796876	0.010280050220237194	0.01360096581610246	0.01808743615520249	0.03853325522520625
0.001180230	17.0	0	0.006393679383916093	0.01054938557457395	0.01389189168044958	0.01855296811318121	0.03905536861067363
0.001180230	18.0	0	0.006462809783559222	0.01076195667654538	0.014299595731762274	0.019116329914664033	0.03959584212302919
0.001180230	19.0	0	0.006558882427257677	0.011056689701910932	0.014755720576407007	0.019715992054791593	0.04019076526237321
0.001180230	20.0	0	0.0066323059027537795	0.011275506742939735	0.015172997388843989	0.020224389395901335	0.04088368455115268
0.001180230	21.0	0	0.006863699970447485	0.011593045418205258	0.015643492703012622	0.02087107489149742	0.04172014492503536
0.001180230	22.0	0	0.006927615558637601	0.01187184013579531	0.016113016200983946	0.021490662667746525	0.042903654119431346
0.001180230	23.0	0	0.007013151225466465	0.012115940716109743	0.01671690161047755	0.022164129470526626	0.04353402808441399
0.001180230	24.0	0	0.00709529106585617	0.012389953689708674	0.01722724594803031	0.02284713569349351	0.04461191306763945
0.001180230	25.0	0	0.007253622336062356	0.01286257015675702	0.01771411724150113	0.023558179441557234	0.045697172509656256
0.001180230	26.0	0	0.007619374655511711	0.013269652769522937	0.018243714410389886	0.02431705471204884	0.046501771373115876
0.001180230	27.0	0	0.007813706927471785	0.013546565794019708	0.018719986445817554	0.025203104043642892	0.04687515974254544
0.001180230	28.0	0	0.007916447104569568	0.013888868299004523	0.019269082110380774	0.025975590041072593	0.048760902501034833
0.001180230	29.0	0	0.008049850937854893	0.014195873176913506	0.019961878504475797	0.026724339483863407	0.05006539779454485
0.001180230	30.0	0	0.008200271350918982	0.014578467720666535	0.020650958555653447	0.027609759111310916	0.050773623890344066
0.001180230	31.0	0	0.00835723095219264	0.014910610963914158	0.021255427972821973	0.028577279209954308	0.05137894702115407
0.001180230	32.0	0	0.008523802478345823	0.015251197953475152	0.022046669053007326	0.029297986482241085	0.05278207481941313
0.001180230	33.0	0	0.008574923055226752	0.01578609435364126	0.022787417788146837	0.030244621033089107	0.05470745334694614
0.001180230	34.0	0	0.008691613155531807	0.016256847990331277	0.023334270878220695	0.03095623479828681	0.05589043984175835
0.001180230	35.0	0	0.008809400996849688	0.016802775858637063	0.024200933124250926	0.03199046660208729	0.05684568401729653
0.001180230	36.0	0	0.009011187656885277	0.01721780023710834	0.02502258192214927	0.03300521997924115	0.05752360097202999
0.001180230	37.0	0	0.009158027966835167	0.01775055915122238	0.02594723188671788	0.03402432003407712	0.0590974549256805
0.001180230	38.0	0	0.00937873356246508	0.01843546531699354	0.026767700415925404	0.03490702921711261	0.06115073810282663
0.001180230	39.0	0	0.009727410185711199	0.019044343048691383	0.027552198405502965	0.03596710037705399	0.06240720699158774
0.001180230	40.0	0	0.00997247343710272	0.019821349619359135	0.028330228591466104	0.036983032386448664	0.0637635981936754
0.001180230	41.0	0	0.010268835831787438	0.020412479673747153	0.028898620249957534	0.038178184192309936	0.0665265699547528
0.001180230	42.0	0	0.010313892538113673	0.02114539863502761	0.029853131694044164	0.03960489823822322	0.06869333646640276
0.001180230	43.0	0	0.010675159669575301	0.021888228317331365	0.030730710471532474	0.04097285227864552	0.07040367115146993
0.001180230	44.0	0	0.0111167615574293	0.022747259011390762	0.031628241958100725	0.04225580042722508	0.07269750058557849
0.001180230	45.0	0	0.011230676436790628	0.023444372544051177	0.032692568342523945	0.04383003469516713	0.07451489091948565
0.001180230	46.0	0	0.01150706908520408	0.024112313030661473	0.03383984312980674	0.04524583821964233	0.07582249106067514
0.001180230	47.0	0	0.011720938938572054	0.024875896273642274	0.035060508509130624	0.04643044127576678	0.07714557832070636
0.001180230	48.0	0	0.011907415037711377	0.025484915762894553	0.03615708480292282	0.04773715304002893	0.07868827362022077
0.001180230	49.0	0	0.012220270518508441	0.026288066355844214	0.03701106610472145	0.04935482079030633	0.08126011728691698
0.001180230	50.0	0	0.012552990669731246	0.027209413865186126	0.03812224096963726	0.05094771373683008	0.08235484065671736
0.001180230	51.0	0	0.012793641239776738	0.028245902680208733	0.03937273001887788	0.05265178237032179	0.08515706949477969
0.001180230	52.0	0	0.012944382281137125	0.029176273268766567	0.04040005489260717	0.054229629546316785	0.08729736329810374
0.001180230	53.0	0	0.012996702993116638	0.030121162619261926	0.041434023232849976	0.05584535951981659	0.09005462153478877
0.001180230	54.0	0	0.013044769363363243	0.031113460246103904	0.042835512970665277	0.05763213776469962	0.09279987435205048
0.001180230	55.0	0	0.013220464869359915	0.03218268389369867	0.0442106316200394	0.05926053755099709	0.09516553949803062
0.001180230	56.0	0	0.013634730538270802	0.03278842398413355	0.04569521569112715	0.06103468262233906	0.097761424617459
0.001180230	57.0	0	0.014047217784391646	0.03380131865451373	0.0470990402393658	0.06275221953814439	0.10045637619884067
0.001180230	58.0	0	0.014493494189461229	0.0347183124033203	0.04839649297217845	0.06435855742987615	0.1035690817891653
0.001180230	59.0	0	0.015617022198091756	0.03596514455735118	0.04983316762408136	0.0662923789045653	0.10577238736304632
0.001180230	60.0	0	0.01576227719291889	0.0370003222358235	0.051291585804109016	0.06815664684176158	0.10796912113713679
0.001180230	61.0	0	0.01583947069942189	0.03798223711181281	0.05293861815514589	0.07038347388495542	0.1101940743372189
0.001180230	62.0	0	0.016046371239073938	0.039157891923327894	0.054353710391082	0.07224097028447563	0.11321484703991613
0.001180230	63.0	0	0.01673430104399326	0.0400835051105384	0.055851154081933516	0.07427992490618775	0.11619630597282808
0.001180230	64.0	0	0.017660660638025707	0.04111640048304231	0.05724315027393487	0.07650913516592828	0.11799827996802867
0.001180230	65.0	0	0.018192465865526197	0.042365788660940124	0.05888964259478219	0.07834382950780247	0.1209469918993616
0.001180230	66.0	0	0.018613234732394537	0.043253078644324025	0.060466421604029263	0.08054767428606373	0.12430497366558575
0.001180230	67.0	0	0.018983346268641	0.04454268649019479	0.06225607217540306	0.0828510543435664	0.1276969685589448
0.001180230	68.0	0	0.019557996981299935	0.045460682996787564	0.06367427039381923	0.08486576023566497	0.13062302287795735
0.001180230	69.0	0	0.020165459056272674	0.04675443789694202	0.06540729685610719	0.08697832016075052	0.13399665331390773
0.001180230	70.0	0	0.020763571521095085	0.04815795475879106	0.06660951510286886	0.08939989525903495	0.13686625849897327
0.001180230	71.0	0	0.021345478491148318	0.04915123244585248	0.06830091916917944	0.09119917281064799	0.13952263842204432
0.001180230	72.0	0	0.021906319486384267	0.050449348859889914	0.07032094076586123	0.093515019405012	0.1435117198520192
0.001180230	73.0	0	0.02244690600980838	0.05177162209094392	0.07198219612714943	0.0957255165776885	0.14712764942482284
0.001180230	74.0	0	0.0232317532108747	0.05299482613245718	0.073853637501653	0.09822664455908733	0.15046405617616532
0.001180230	75.0	0	0.023519214694575248	0.05428355916287722	0.0759702604708394	0.10054871588193828	0.15341764628345675
0.001180230	76.0	0	0.02440079734122697	0.05564967173254412	0.07788757055839687	0.1035362709551969	0.15574370536281132
0.001180230	77.0	0	0.024853439266660268	0.05695114900719227	0.08006910263284849	0.10571223191008812	0.15759465555559682
0.001180230	78.0	0	0.025371088932784586	0.05839150664518537	0.0823247532230729	0.10806041649226338	0.16095946981214584
0.001180230	79.0	0	0.026478908281841414	0.05976278604273088	0.08438168936686107	0.11070280538800306	0.164127871380331
0.001180230	80.0	0	0.027716055604723885	0.06117540677397764	0.08651244877949693	0.11316522807550725	0.16864905609985914
0.001180230	81.0	0	0.028177172074487774	0.062308473049830504	0.08861205694265581	0.11575367880569416	0.1714953942220941
0.001180230	82.0	0	0.028865263840807554	0.06400000462783653	0.09063033823269628	0.11859311907197084	0.1742965112514243
0.001180230	83.0	0	0.030551560064096442	0.06543769368140989	0.09266348958192037	0.12104639153516521	0.17692213072508983
0.001180230	84.0	0	0.03166530901542029	0.0670418558621505	0.09497493464707116	0.1232999076224292	0.17931698123961823
0.001180230	85.0	0	0.032637047001029616	0.06871997473837828	0.09731591439029257	0.1257143458004627	0.1827755877520997
0.001180230	86.0	0	0.03380699973775753	0.07085856496698249	0.09954056759501603	0.12805288541433613	0.1856423597403841
0.001180230	87.0	0	0.03439694197536291	0.07257971134114802	0.10168264671687821	0.1307596189397401	0.1885064059513294
0.001180230	88.0	0	0.03562982392095532	0.07430896514317298	0.1036744563989419	0.13345356226797722	0.19269089906608275
0.001180230	89.0	0	0.03662671946346755	0.07583706646415769	0.10597607500179648	0.13628070497304023	0.19713511299325787
0.001180230	90.0	0	0.037400805024365456	0.07751153092970213	0.1082745676311497	0.13936725133254424	0.2015654182725871
0.001180230	91.0	0	0.038792678784475156	0.07944053114656308	0.11048349855534295	0.1422555397465342	0.20591658183673375
0.001180230	92.0	0	0.03959674236295464	0.08130147254505557	0.11285941397746685	0.14564918804581417	0.21023924771079353
0.001180230	93.0	0	0.0413598960963554	0.0829860698704034	0.11508832488088	0.1487844481110107	0.21385392734070696
0.001180230	94.0	0	0.04253503981686275	0.08478189044188246	0.1175600875201242	0.15194578525136937	0.21853398445003464
0.001180230	95.0	0	0.04317169078637862	0.08644793913049566	0.12027940052838385	0.15478501291018879	0.22327521910231607
0.001180230	96.0	0	0.043840235501336124	0.08806525474252953	0.12286485783011383	0.15736789495131684	0.22793650796337067
0.001180230	97.0	0	0.044738964638987265	0.08981526969395962	0.12555666010913236	0.1601810721139456	0.23241699434270552
0.001180230	98.0	0	0.04536680160900484	0.09189869194877247	0.12808237342093698	0.16292240884416645	0.2363194390999124
0.001180230	99.0	0	0.04624867822069734	0.09394178467070563	0.1306851397414711	0.16665820598727263	0.24083003869722067
0.001180230	100.0	0	0.04794985150906792	0.09588672099864841	0.13341184656447747	0.17046439440228328	0.24533736981191823
0.001180230	101.0	0	0.04853659545936371	0.09758039346963637	0.13599416285323576	0.1740434157962025	0.24984098164932636
0.001180230	102.0	0	0.04910892596437289	0.09955616078199915	0.13900429412877097	0.1772048888866197	0.25449120493809946
0.001180230	103.0	0	0.05001881188456842	0.10131797302518326	0.14219270521910254	0.18065990234872004	0.2589053232476207
0.001180230	104.0	0	0.0511143033358209	0.10375799043125909	0.14431987860921214	0.18457281159077263	0.2641173816198447
0.001180230	105.0	0	0.05226702668895099	0.10574219369841781	0.14719232510185803	0.1881668226108723	0.2687899748824001
0.001180230	106.0	0	0.053481138498300704	0.10856148946790216	0.1500977047963693	0.19192670341243792	0.27346945931126393
0.001180230	107.0	0	0.05482409590007899	0.11113665663288835	0.1527793927302446	0.19475114584704423	0.27804672336275454
0.001180230	108.0	0	0.05623786941296619	0.11364756166424513	0.15535551636835615	0.19830982239205913	0.28274617094106325
0.001180230	109.0	0	0.057605827521973116	0.11646852445270908	0.15818186348513927	0.20153041787115064	0.28764476467304895
0.001180230	110.0	0	0.059124675802307305	0.11904622524716393	0.1612807526283606	0.20476362329649958	0.2926217630099665
0.001180230	111.0	0	0.06112820730758065	0.12169005388687168	0.16443397589466752	0.2085151761644504	0.2974357209410463
0.001180230	112.0	0	0.063326014459957	0.12399137238397719	0.16738707436893957	0.2123487509024162	0.3026053666317058
0.001180230	113.0	0	0.06496367603849892	0.12600409813772753	0.1703450447997163	0.21559182701379542	0.3079050146161981
0.001180230	114.0	0	0.06616804726610952	0.1283704210541881	0.1735745535385283	0.21907234098847495	0.31320119048762624
0.001180230	115.0	0	0.06737824846699063	0.13071920830723965	0.17659751810304553	0.2229397097710167	0.3179417074985694
0.001180230	116.0	0	0.06915987870922687	0.13293741015831473	0.179559918618644	0.2263526811027829	0.32168974374452425
0.001180230	117.0	0	0.07123173754887904	0.13548224623828453	0.1825262275865572	0.230105404491144	0.32593754887152093
0.001180230	118.0	0	0.07275851678381379	0.13770846332630327	0.1854623155941477	0.23364490576304187	0.33063203568467653
0.001180230	119.0	0	0.07385494281637976	0.14031150098662343	0.18848322994906025	0.23728926200840675	0.33490408070842415
0.001180230	120.0	0	0.0749605224308115	0.1428089924898356	0.19151626839851005	0.24083260457548472	0.33954898754196755
0.001180230	121.0	0	0.07648346990513213	0.14547395228212578	0.1945143685626459	0.24440279279048524	0.3447910870019874
0.001180230	122.0	0	0.07812548520012774	0.14810148669325965	0.1974692684158761	0.24829385652230138	0.3494830702011518
0.001180230	123.0	0	0.07988175648726524	0.1507962316655243	0.20070380878502891	0.25270837822016484	0.3540218815510482
0.001180230	124.0	0	0.08105383122941463	0.15306125434529466	0.20394629719546736	0.2566982408806352	0.35898006192397464
0.001180230	125.0	0	0.08258704075228468	0.15516801759250598	0.20723281277866235	0.26015542452144685	0.36301922918751367
0.001180230	126.0	0	0.08403737221418282	0.15736225053416864	0.21020862498336762	0.2641997563853485	0.36687626551993585
0.001180230	127.0	0	0.08556399200484378	0.15980387995124457	0.21326457002680024	0.26822000431773274	0.37136350075803964
0.001180230	128.0	0	0.08716875800115115	0.16261229304668573	0.21635413364087086	0.27269803588356356	0.3761468562778671
0.001180230	129.0	0	0.08884019346409926	0.16549091274120276	0.2195908843465204	0.2764644500837653	0.38158505365840784
0.001180230	130.0	0	0.09055229443882556	0.16844991421286645	0.22283836878034213	0.2810147329184289	0.3868660968030155
0.001180230	131.0	0	0.0922783404048104	0.17126455371575422	0.22579346522561045	0.285455008407883	0.39283000775877724
0.001180230	132.0	0	0.09400585746824058	0.17427162110766048	0.2292747394139669	0.2898050382189259	0.3986194237522816
0.001180230	133.0	0	0.09573299466188127	0.17735066580247763	0.23247594629901291	0.29335798876666164	0.40418843753145484
0.001180230	134.0	0	0.09745871466628633	0.18053771584103065	0.23591787368964418	0.29736446385100535	0.409412447514916
0.001180230	135.0	0	0.09917859347179107	0.1839420910527455	0.23933406418891162	0.3017635623088482	0.4147498468735464
0.001180230	136.0	0	0.10088201699726679	0.1865353916215849	0.2431692051972062	0.30632903632586705	0.4202019359854846
0.001180230	137.0	0	0.10255441048415187	0.18905990242361026	0.24716424541355264	0.31115109035066124	0.4267101022797561
0.001180230	138.0	0	0.10418797976015473	0.191787361996226	0.2506466805341085	0.3151778125980245	0.4333156565229861
0.001180230	139.0	0	0.10605200759898073	0.19469057557124636	0.25432344526595385	0.31949066017008704	0.43997587507105645
0.001180230	140.0	0	0.10864228605243642	0.19721015929313132	0.25807269691769463	0.3235545092679777	0.44661261405645447
0.001180230	141.0	0	0.11133986711223615	0.20016659495737943	0.2618894347804741	0.3277179927434258	0.45259174116308176
0.001180230	142.0	0	0.11408889520455592	0.20304547897561362	0.2656531576272774	0.3322313608366848	0.4583464764162545
0.001180230	143.0	0	0.11686388399819361	0.2057404820615255	0.2694875377321348	0.33697670170739286	0.46429342941246204
0.001180230	144.0	0	0.1193850095331344	0.20847922103257582	0.2733530124963115	0.3409268609804016	0.4704175366763383
0.001180230	145.0	0	0.12204063532976728	0.2116514622993306	0.27684976612109347	0.34487460417150695	0.4767707232213417
0.001180230	146.0	0	0.12365443590847397	0.2149167260100587	0.2803798689862578	0.35008460638565647	0.483374636312774
0.001180230	147.0	0	0.12527548453376255	0.21775526414857077	0.2837344995984902	0.35409458104187785	0.49016723361634723
0.001180230	148.0	0	0.1271440528382389	0.2207996691801358	0.2879686586578998	0.35837011390507867	0.4970107810639055
0.001180230	149.0	0	0.12989682756431745	0.22396231171771047	0.29197580568197423	0.36260153551384755	0.5038499931158644
0.001180230	150.0	0	0.132685259198712	0.22722672096700897	0.29569709232746855	0.3673008892192425	0.5100932646778903
0.001180230	151.0	0	0.13506210665561708	0.2304648030573397	0.2991075988333991	0.3724968895077566	0.5159319994141022
0.001180230	152.0	0	0.13788148269485356	0.2336444806621742	0.30268396283211263	0.3775160317254226	0.5218892037408771
0.001180230	153.0	0	0.1404734227311703	0.23713090839665324	0.3070302582313873	0.38269909770325083	0.5279186233062488
0.001180230	154.0	0	0.1417561718693336	0.24039495674952333	0.3118363189746724	0.3873874790807986	0.5339822733440689
0.001180230	155.0	0	0.14309672353085873	0.24407992235108567	0.316065901286549	0.39227864718625727	0.540091038082397
0.001180230	156.0	0	0.14449918873680692	0.24682171301974387	0.32012702327892084	0.3969229788350586	0.5475249155035743
0.001180230	157.0	0	0.14596145796075535	0.25049460675251756	0.3245351345062628	0.40176464708104903	0.5553881572790622
0.001180230	158.0	0	0.14748733927106755	0.2543711558487687	0.32920545584838096	0.40675392786915	0.561896463056194
0.001180230	159.0	0	0.14909856667673416	0.25787467875818737	0.33359338496407687	0.4117700252575211	0.5684593743695776
0.001180230	160.0	0	0.15154206278841684	0.2617965653426113	0.33784925585588976	0.4166501329943344	0.5738051590749086
0.001180230	161.0	0	0.15451972851846948	0.2655990707592366	0.3419562312046628	0.4215774432763097	0.5792185193186282
0.001180230	162.0	0	0.15758823574609435	0.2692438943285317	0.3461049220555833	0.4263879409779002	0.5867440654388905
0.001180230	163.0	0	0.16056496389098446	0.2722517703218954	0.3499281860660345	0.4314286287627307	0.5945129006345569
0.001180230	164.0	0	0.16360469139868694	0.2761262889833825	0.35378433969188866	0.43662353571037327	0.6022304415658679
0.001180230	165.0	0	0.16626591355030496	0.2800175397782714	0.3578624863129274	0.44142592910099077	0.6090170530579316
0.001180230	166.0	0	0.16856093532379032	0.2834101232337716	0.3626272475881869	0.4466671719251847	0.6157800689121035
0.001180230	167.0	0	0.17054712762934993	0.28704759681011127	0.36704784627824616	0.45210544129193214	0.6225481177847217
0.001180230	168.0	0	0.17254690589530128	0.2908146917639088	0.37133821127911293	0.45727497039420684	0.6293119687042812
0.001180230	169.0	0	0.17456494071287312	0.29450170851427426	0.375667139897065	0.4627123919474242	0.6358578165259766
0.001180230	170.0	0	0.1766074326872771	0.29858108630738295	0.38013686397420865	0.46791092749942126	0.641752203288655
0.001180230	171.0	0	0.1786825723392058	0.3030805160234119	0.38398424175757223	0.4732042868961114	0.6476942669981773
0.001180230	172.0	0	0.18083617282850464	0.307536020301584	0.38828449485266026	0.4780481688794653	0.6537058911156534
0.001180230	173.0	0	0.1840189725215623	0.3113266916844965	0.3925937047888116	0.4833560179712659	0.6598146305133867
0.001180230	174.0	0	0.18746447237653077	0.3163897217312389	0.3970023227958823	0.48884868643815027	0.6660508787942736
0.001180230	175.0	0	0.19052669964571442	0.32012532014750594	0.4016256189888153	0.4941410521626668	0.6724490392663266
0.001180230	176.0	0	0.19421559379705655	0.32409884082093043	0.40633527475461545	0.4994023802181845	0.6790275302415085
0.001180230	177.0	0	0.19731636516035092	0.32781415021702975	0.4113366890849728	0.5044687247413369	0.6857764108010551
0.001180230	178.0	0	0.1997525901862037	0.33159656732412923	0.4158611049746601	0.5095274458385373	0.6926519048521927
0.001180230	179.0	0	0.20234782012212996	0.33587674269979784	0.4203229685784901	0.5145787833565657	0.6995176436457422
0.001180230	180.0	0	0.20529693185291556	0.33984364375379567	0.4250806586247138	0.5195908545071579	0.7063714452349309
0.001180230	181.0	0	0.20955410288989737	0.34350770949779236	0.43002619803861364	0.5245321121953017	0.7131995772440688
0.001180230	182.0	0	0.21191614485991508	0.34722608916554204	0.4348706664824493	0.5297643090958084	0.7199888410666324
0.001180230	183.0	0	0.21409494191616987	0.35051987826155834	0.4400594475509366	0.5354348373679914	0.7267557554460398
0.001180230	184.0	0	0.21820175023392496	0.35371221484091664	0.44466969442481963	0.5411290897455541	0.7350096908991594
0.001180230	185.0	0	0.22131588619966103	0.3584777997984848	0.44980775779231463	0.5469993477441629	0.743659570435687
0.001180230	186.0	0	0.22406302235551004	0.36331843351697113	0.4545069722176839	0.5528447485211887	0.7501627417436622
0.001180230	187.0	0	0.22689486591589375	0.3667133923666561	0.4594385629735739	0.5584682003691369	0.7581581573345546
0.001180230	188.0	0	0.2308203973984228	0.3703838214450511	0.4642982332156733	0.5637554017248513	0.7650288681676801
0.001180230	189.0	0	0.2354119799953123	0.37481623642847145	0.46890542615789244	0.5696364329914951	0.7728686546217817
0.001180230	190.0	0	0.23809674830344912	0.379596515064069	0.4735851612387876	0.57642340757886	0.7804388357591933
0.001180230	191.0	0	0.24074142337836132	0.38412499071255185	0.47855759983180207	0.5827490874349555	0.7874406159838889
0.001180230	192.0	0	0.24341085854618008	0.3883480936109899	0.48339328133718085	0.5887534556360059	0.7944452912439419
0.001180230	193.0	0	0.2461140700511205	0.3925989954880506	0.4882115893481963	0.5942587096261397	0.8014207091050344
0.001180230	194.0	0	0.24975777222514248	0.3961994286121197	0.49346241903686816	0.6005917885298993	0.8083865215290625
0.001180230	195.0	0	0.2535260252442746	0.40137640781053474	0.4983481173311233	0.606818801411528	0.8154446302091761
0.001180230	196.0	0	0.257286666226466	0.4066558829303192	0.5036301848868765	0.6128051351022995	0.8225758331886545
0.001180230	197.0	0	0.2610446191323436	0.411914430294822	0.5088914203856774	0.6185478433785104	0.8296358069959878
0.001180230	198.0	0	0.2648092501708282	0.4165561374746864	0.51448296653595	0.6244527405239987	0.8371191975050648
0.001180230	199.0	0	0.26703904376185544	0.42101099815428916	0.519924566416015	0.630421355095753	0.8449298547316996
0.001180230	200.0	0	0.26912794908798626	0.42544214374369815	0.5248396779823437	0.6368380537783351	0.8527581398626854
0.001180230	201.0	0	0.27122346296608446	0.4301177793794999	0.5296009774855674	0.6429799569707605	0.8628055284205959
0.001180230	202.0	0	0.27395249269226457	0.434797878048787	0.5348628103850945	0.6488994475402269	0.8731433016293023
0.001180230	203.0	0	0.2775528164450998	0.4396393097911907	0.5402214702709092	0.6547523466048768	0.881050616169265
0.001180230	204.0	0	0.28123807529904826	0.4443620591999815	0.5455594512077956	0.6607227632574684	0.8889004069168249
0.001180230	205.0	0	0.28496306430305646	0.44950069765914824	0.5512079128805538	0.6667553696854565	0.8967744366600295
0.001180230	206.0	0	0.28802617554449556	0.4538906117697978	0.5569783185940467	0.6728579741615601	0.904860967133669
0.001180230	207.0	0	0.290501016172577	0.45835544282745116	0.5620017274243657	0.6790454722210784	0.913127392617475
0.001180230	208.0	0	0.2930229190716729	0.4628857511585441	0.5679673348792706	0.6852326663360087	0.9207640138247664
0.001180230	209.0	0	0.29668320996545583	0.4685178572891232	0.5736140035321886	0.6915915666379938	0.9289149783993561
0.001180230	210.0	0	0.30079870827445043	0.4737962597145419	0.5787544529623994	0.6978595757437773	0.9371222579558043
0.001180230	211.0	0	0.30491509674983425	0.47875934007180926	0.5843852115589363	0.7040194357944982	0.945362340421465
0.001180230	212.0	0	0.3090320512802995	0.48314842999010266	0.5901606543136779	0.7101953450169584	0.9536026624925125
0.001180230	213.0	0	0.3131493409981474	0.4875395827350232	0.5957338899816288	0.7163314981628197	0.9618074204857967
0.001180230	214.0	0	0.3172718819737354	0.4925500861419011	0.6010958122977573	0.7228181800116973	0.9700224767692502
0.001180230	215.0	0	0.32140557374158235	0.4975099875145198	0.6065463102440811	0.7296480310307653	0.9782491189905007
0.001180230	216.0	0	0.32508526343455035	0.502909752229487	0.6125156943956251	0.7362499670840852	0.9886034501088323
0.001180230	217.0	0	0.3283546051454701	0.5076956751988783	0.6182073266217779	0.7437086925026695	0.999111230438868
0.001180230	218.0	0	0.3316479914150635	0.5124838756077497	0.6242875394125292	0.7511983620330392	1.0096209161642429
0.001180230	219.0	0	0.33495572803218676	0.5173288686013681	0.6300661430779657	0.7584654839047217	1.0201217305866799
0.001180230	220.0	0	0.3382752954793144	0.5226218763320087	0.6353778779993664	0.7647124120645443	1.0299353444637909
0.001180230	221.0	0	0.34164341954356053	0.5280418598645789	0.6409486543046854	0.7709573461893675	1.03837057583598
0.001180230	222.0	0	0.34508062206178386	0.5329722411892597	0.6469627066439276	0.7769117556150852	1.0467603584537217
0.001180230	223.0	0	0.348526401505447	0.5376620866589334	0.6525110868847535	0.7830426797749152	1.0551074869067485
0.001180230	224.0	0	0.3519701776923982	0.5420279037201257	0.6578486320999569	0.7905081010006496	1.0634473564954063
0.001180230	225.0	0	0.35541143347058013	0.5464267526898545	0.6635103402745629	0.796731317048881	1.0717669544461121
0.001180230	226.0	0	0.35884974265367436	0.5508646511993306	0.6687426641524175	0.8030328740184325	1.0800821737405701
0.001180230	227.0	0	0.36228509895870636	0.5555989304515477	0.6738739900112319	0.8093855400806262	1.089284684268823
0.001180230	228.0	0	0.3668275992521953	0.5606279903542974	0.6791796681035138	0.8153288632725963	1.0994968473598383
0.001180230	229.0	0	0.37188044155858035	0.5657411753650556	0.6849408505103938	0.8221482684025049	1.1097742919147393
0.001180230	230.0	0	0.3769606859274046	0.5710705771559836	0.6914384595110057	0.8294517295827841	1.1201526466887937
0.001180230	231.0	0	0.38142067621484427	0.5764638231981245	0.6974010102557979	0.8372706599494848	1.1299319777519876
0.001180230	232.0	0	0.3870533059813927	0.5819203667105007	0.7037541017536846	0.8451206415941117	1.138141774342955
0.001180230	233.0	0	0.3919938651443708	0.5874739043258153	0.710106993632849	0.8525677493739071	1.1463428173820642
0.001180230	234.0	0	0.3952128328506015	0.5924339224620859	0.7162865001243807	0.8597556941529826	1.154546460098553
0.001180230	235.0	0	0.3984039566504659	0.5976144187337403	0.7223138943929588	0.8666460897937761	1.1627686299668756
0.001180230	236.0	0	0.4016291361469126	0.6027008658260615	0.727993334834991	0.8733828087450163	1.171033783673471
0.001180230	237.0	0	0.40488399222412597	0.607215079230065	0.7342247445661885	0.8804077405570232	1.179368402229569
0.001180230	238.0	0	0.40816309601866047	0.6122154325295465	0.7407157782629575	0.8881421840297359	1.1877994805667362
0.001180230	239.0	0	0.41146523078750286	0.6168958886643602	0.7462259757974055	0.8944584569321709	1.1963307805839583
0.001180230	240.0	0	0.41479639186515854	0.6219108958766082	0.7525311138477837	0.9013928832344392	1.20492807088633
0.001180230	241.0	0	0.418239809167265	0.6272076887203046	0.7592796909004724	0.9082927000915012	1.2135526115381774
0.001180230	242.0	0	0.4225040707561902	0.6323425232235335	0.7657357208015176	0.9152517595181181	1.2221980120385247
0.001180230	243.0	0	0.42752789887556647	0.6373028945886824	0.7719272671871131	0.9221052954791648	1.2329890248012716
0.001180230	244.0	0	0.4325244235197242	0.6431260940745356	0.7787119795689117	0.9293634839494398	1.2438392476856068
0.001180230	245.0	0	0.4374901459369869	0.6486238125685744	0.7857436672740231	0.937003730299428	1.2546995138868549
0.001180230	246.0	0	0.4414267376870936	0.6542399311384254	0.7927049726375315	0.9451421094493041	1.2641370498751243
0.001180230	247.0	0	0.44514145702483765	0.6598876592409575	0.799455167698393	0.95257788661431	1.2735541268171935
0.001180230	248.0	0	0.4489595212867844	0.6649619255028647	0.8058485366417936	0.960237740113007	1.2829067799119898
0.001180230	249.0	0	0.4528935203089313	0.6699731950973425	0.8120858688257531	0.9678442205509205	1.2921701588267511
0.001180230	250.0	0	0.4568687474581087	0.6753185854799431	0.81777114452426	0.9748106011052552	1.3013946441628204
0.001180230	251.0	0	0.4605856274517447	0.6805334902882882	0.8244280921807754	0.9822955734632952	1.3105977970373663
0.001180230	252.0	0	0.4643039920481816	0.6859182459184441	0.8319317203265001	0.9898604334971914	1.3198041407981607
0.001180230	253.0	0	0.46802431790647414	0.6915761785553078	0.8384514659539059	0.9975794402906071	1.3289895727450016
0.001180230	254.0	0	0.4717470893657494	0.696858787693279	0.8444667013523732	1.005501794217599	1.338143817217595
0.001180230	255.0	0	0.4753084819912081	0.7021021183829097	0.8505795785703318	1.012664051803206	1.3472435892757013
0.001180230	256.0	0	0.4784782575970137	0.7078932969388885	0.8572081885449134	1.0199438102148164	1.3551964988587535
0.001180230	257.0	0	0.481679785883088	0.7140068604421654	0.8638522061309077	1.0280511104726768	1.36415729846685
0.001180230	258.0	0	0.4849068727571845	0.7193467154591575	0.8711419583344258	1.0351304978185327	1.3740634141522312
0.001180230	259.0	0	0.4886181142565907	0.7241882978436235	0.8775198437767732	1.042087549072801	1.3836168323124922
0.001180230	260.0	0	0.4938259198693093	0.7305514923228065	0.8842359108624935	1.0490146242248464	1.3926671084113382
0.001180230	261.0	0	0.49781827706287235	0.7369866670175915	0.8911404852134528	1.0562618180891428	1.4016999653939801
0.001180230	262.0	0	0.501710176012811	0.7435942047978544	0.8980292973348893	1.0631677161409663	1.410717370059923
0.001180230	263.0	0	0.5056781972735009	0.7489901670562122	0.9045491982975293	1.0708549046407898	1.4197209868777352
0.001180230	264.0	0	0.5100747688529863	0.7541638415711467	0.9118700888638553	1.0782272925091387	1.4300538910575193
0.001180230	265.0	0	0.5141027320792829	0.7594671838184679	0.9197884783146749	1.085691481094807	1.4407323738039697
0.001180230	266.0	0	0.5180278561871579	0.7654807263465319	0.9268728435237811	1.093183472863307	1.451433952396502
0.001180230	267.0	0	0.5220323659578705	0.7719488689238041	0.9339567363086403	1.1005911945347484	1.4621477678185635
0.001180230	268.0	0	0.5261274107887058	0.7784861672348468	0.9410397034251959	1.108756274392128	1.472909143647559
0.001180230	269.0	0	0.5303089327674092	0.7848879768944428	0.9479919772295461	1.1167834399170953	1.4837312672147815
0.001180230	270.0	0	0.5345543393205504	0.7904616193534454	0.9543995783536063	1.1242554947352987	1.494620770738526
0.001180230	271.0	0	0.5388362427014438	0.7960387429224108	0.9610186739088855	1.131748161996502	1.5055714181068482
0.001180230	272.0	0	0.5431386056201447	0.8017584715930838	0.9683322737984862	1.1398438528997077	1.5165622087797073
0.001180230	273.0	0	0.5474552132866951	0.8077559634006803	0.9753303929674849	1.147785331507936	1.527566790054567
0.001180230	274.0	0	0.5517853713635587	0.8137674657478917	0.9823381804606239	1.1550965366993107	1.5385674468130155
0.001180230	275.0	0	0.5561348095540146	0.8197296724328639	0.9899262638391834	1.1634618951630786	1.549524506551137
0.001180230	276.0	0	0.5605170894102782	0.8255952658352562	0.9973001864008342	1.1715663356905797	1.559530284372836
0.001180230	277.0	0	0.5649317851608697	0.8319055094612986	1.0053354084395276	1.1781757220932316	1.5690384007695288
0.001180230	278.0	0	0.5688625943347154	0.8387772020552112	1.0129117137011985	1.18534892187089	1.5785561242963104
0.001180230	279.0	0	0.5728475642007008	0.8461321017240013	1.0207061002160347	1.1936519655138267	1.5880923546376513
0.001180230	280.0	0	0.5768702733031768	0.852678361246539	1.0284191006766288	1.2019602165460659	1.5986093345503596
0.001180230	281.0	0	0.5810483727716941	0.8590170359788241	1.035007585302289	1.210187904296082	1.610089018457837
0.001180230	282.0	0	0.5861393263447976	0.8645808697113428	1.0421114225005415	1.218316718576646	1.6215750953443848
0.001180230	283.0	0	0.5912257182395062	0.8697051923095678	1.0495191445384846	1.226523033417486	1.6330566236480777
0.001180230	284.0	0	0.5963079852357754	0.8750232815877116	1.0565859506435435	1.2346558208697078	1.6445309082555186
0.001180230	285.0	0	0.6013860012611649	0.8805755160644042	1.0634770220406788	1.2423994226415516	1.6559979380517549
0.001180230	286.0	0	0.6064587727555528	0.8862128739267279	1.0700917158233811	1.2505148321504904	1.6674580295071655
0.001180230	287.0	0	0.6115262671333898	0.8935626877762348	1.077351897705189	1.2593261953592967	1.6789116253223093
0.001180230	288.0	0	0.6165906437317318	0.899226142185909	1.0846551420937942	1.2677578757144619	1.6903593528343042
0.001180230	289.0	0	0.6216530810763035	0.905018823199014	1.0921135744640282	1.2754317132419923	1.701802091335476
0.001180230	290.0	0	0.6267159832670898	0.910973988860222	1.0990851328150448	1.2836933522523286	1.7129299076134605
0.001180230	291.0	0	0.6317962720631745	0.9172637911576015	1.1062015777140348	1.2914344400801023	1.7240845947809516
0.001180230	292.0	0	0.6369069264795019	0.9236122368867121	1.1137421941528272	1.2987488903979898	1.7353526657864033
0.001180230	293.0	0	0.6420377319402065	0.9301876586668777	1.1212621865969519	1.3064153200792354	1.7467039076264685
0.001180230	294.0	0	0.6472006932868737	0.9371153369773904	1.1289811907259848	1.314563933274639	1.7581016248894494
0.001180230	295.0	0	0.6524094687674004	0.9433018589583456	1.1365524709210857	1.3232591714054458	1.7695374848672745
0.001180230	296.0	0	0.6575798908178417	0.9495295261161526	1.1441378576798016	1.3321736396566528	1.7810200997394736
0.001180230	297.0	0	0.6616941148919696	0.9559087590288855	1.1514340192094872	1.3413695204538487	1.7925601308707275
0.001180230	298.0	0	0.6658200237358606	0.9620613158067182	1.1584154429319704	1.3499410178627818	1.8041668438141252
0.001180230	299.0	0	0.6699655246342038	0.9686266345639072	1.166603425255755	1.3597076145938733	1.815845419818725
0.001180230	300.0	0	0.674132818350207	0.9750948937566282	1.173967243063911	1.369430053702316	1.8275943761734996
0.001180230	301.0	0	0.6789138025710237	0.9813458182735092	1.1810615747784992	1.3777578414864933	1.8394050120836465
0.001180230	302.0	0	0.683744116624083	0.9881549365371523	1.1882281479545058	1.3868847149198191	1.851264678679688
0.001180230	303.0	0	0.687625415109337	0.9952448877116806	1.195756462490503	1.3964527874661035	1.8630336338480074
0.001180230	304.0	0	0.6915294804694084	1.0019998121808456	1.203749167017726	1.4060518215731663	1.8744511497620735
0.001180230	305.0	0	0.6954813362195754	1.0088409573967545	1.2118429661485086	1.4148484395664553	1.8844513880845017
0.001180230	306.0	0	0.6995113559649995	1.0160006882160633	1.2204833949548082	1.4232662422655682	1.8944453607106067
0.001180230	307.0	0	0.7036516150736803	1.0241663760011261	1.2293179753444101	1.4319614728768313	1.904440490750069
0.001180230	308.0	0	0.7080803931209154	1.0316015762722794	1.2377718692758841	1.4404905949605877	1.9144412254665715
0.001180230	309.0	0	0.7135273155837638	1.0382184860873078	1.245743666208972	1.4490553487558566	1.9244527194303314
0.001180230	310.0	0	0.7189722315276207	1.0458901782096206	1.2535547465764467	1.4576731743948488	1.9358554451714272
0.001180230	311.0	0	0.7244154610281344	1.0522297617626846	1.2612641133471718	1.4664131439745975	1.9478825297105555
0.001180230	312.0	0	0.7298574065254287	1.0595308174571996	1.2688746823709312	1.4755120051423354	1.9599004520108692
0.001180230	313.0	0	0.7352985366490368	1.0667140035678147	1.27640745766767	1.4843015733089668	1.971915835460345
0.001180230	314.0	0	0.7400607679310599	1.073840621973696	1.2836765423393683	1.4943800720002645	1.982183863792505
0.001180230	315.0	0	0.7441515958744498	1.0811244486868297	1.2909372347340684	1.5028841749879434	1.9921303901298892
0.001180230	316.0	0	0.7483091659720352	1.0878483961358758	1.2986995803527417	1.5111264489021727	2.003509505074928
0.001180230	317.0	0	0.752539778024041	1.0953478579271612	1.3071138641042204	1.5196459628064358	2.0158923407555935
0.001180230	318.0	0	0.7568293881213252	1.101552452392646	1.3153736032762646	1.5284245084765589	2.0271569815588193
0.001180230	319.0	0	0.7614276472979968	1.1077936772867751	1.3235141962564163	1.5369696838381595	2.0378926769996877
0.001180230	320.0	0	0.7672051073336721	1.1137224600261293	1.3313077766802546	1.5462290377898273	2.0486316555425184
0.001180230	321.0	0	0.7730199757732723	1.1203931207948192	1.3396556713039995	1.5556348752935096	2.0593708331534017
0.001180230	322.0	0	0.7788629555218983	1.1285750627068543	1.3480118068438713	1.5646548548525698	2.0721979129101364
0.001180230	323.0	0	0.7843969643465171	1.1363068150563507	1.3561080185812675	1.5732087796033358	2.0850500834696777
0.001180230	324.0	0	0.7903267956331771	1.1439927330133726	1.3648506523907589	1.5816395763088786	2.097946676928482
0.001180230	325.0	0	0.7962840895502158	1.1520679042719562	1.3730501566458704	1.5906107472902906	2.1109129735563155
0.001180230	326.0	0	0.8022254667224835	1.15973581879017	1.3811665008866973	1.5993828643561232	2.123986498154312
0.001180230	327.0	0	0.8081371073458015	1.1674319301052134	1.3895595294130887	1.6081271080919344	2.1371730758833354
0.001180230	328.0	0	0.8140579982972043	1.1751503066387843	1.3982538363449049	1.617479428332449	2.150412044895363
0.001180230	329.0	0	0.8204203998274812	1.1830216382194076	1.4063370986475947	1.6269816312829009	2.1636576204623683
0.001180230	330.0	0	0.8270283303829175	1.1903392986992163	1.4148673064330306	1.6370296344811568	2.176904177900367
0.001180230	331.0	0	0.8318701716636842	1.1979940424192423	1.423559818505153	1.6469535765900927	2.19015141017563
0.001180230	332.0	0	0.8374687587054044	1.2057918791981483	1.4317932294803621	1.656680495475468	2.202751830402063
0.001180230	333.0	0	0.8432844012966626	1.2135895550265154	1.4399708151030854	1.665912186521175	2.2145811279580467
0.001180230	334.0	0	0.8491053681587142	1.2211053371501643	1.4477595974604358	1.6748003467678774	2.226430372386607
0.001180230	335.0	0	0.854940332242443	1.2286211137400562	1.4563481390648862	1.683688478021907	2.2383074645850374
0.001180230	336.0	0	0.8608050523535539	1.23613690957483	1.4646654315689493	1.692770545225788	2.2502233621322896
0.001180230	337.0	0	0.8666981976076452	1.2436527719682022	1.4728235335991569	1.7028893593870098	2.262192673987314
0.001180230	338.0	0	0.8724349794509145	1.2508940350735314	1.481663429262856	1.713004291039344	2.2742338391590544
0.001180230	339.0	0	0.8782358241805936	1.257472386979989	1.4904690646899443	1.7230348362665002	2.286614162471857
0.001180230	340.0	0	0.884086714313291	1.2649530555568882	1.4996812814601936	1.7328805987579994	2.2995709305990784
0.001180230	341.0	0	0.8899761365032159	1.2729832370035308	1.50850049279043	1.7421277190873226	2.3125142446838476
0.001180230	342.0	0	0.8959023353151663	1.2797064120585395	1.5180768332892765	1.7510827257424073	2.325444143163084
0.001180230	343.0	0	0.9017767548138343	1.2879111274043578	1.5273410105415326	1.760979381652833	2.338360799663729
0.001180230	344.0	0	0.9072335789731703	1.2947144406048383	1.5367288690656156	1.7713731265549182	2.3512645300893404
0.001180230	345.0	0	0.9126967240648168	1.301785561422916	1.5461696278369501	1.7812858896685495	2.364155696816683
0.001180230	346.0	0	0.9181640906724309	1.3099853004970397	1.5552129949506417	1.7921097655846763	2.3770344705111026
0.001180230	347.0	0	0.9236375184680292	1.317128363381567	1.564154745121875	1.802701337218076	2.3899005643734843
0.001180230	348.0	0	0.9291213768541181	1.3241406100156632	1.5730163515907352	1.81236418254357	2.40275336211616
0.001180230	349.0	0	0.9346248949700051	1.3315003257642635	1.581394726236137	1.822999137767782	2.4155925187119847
0.001180230	350.0	0	0.9401660011719905	1.338430923664664	1.5898811633366132	1.8333327654950393	2.428418167934412
0.001180230	351.0	0	0.9457742031404465	1.3467178883597184	1.5989006760175373	1.8436297050756227	2.4412306568140165
0.001180230	352.0	0	0.9514830651253284	1.3544168093886948	1.608223048501754	1.8536040968042125	2.4537758615702345
0.001180230	353.0	0	0.9572981184490604	1.3619709528079111	1.6178587583820572	1.864352073202677	2.4655794336105488
0.001180230	354.0	0	0.9631696763845792	1.369545379183004	1.6270556533923233	1.8745908490526433	2.477462819979951
0.001180230	355.0	0	0.9696343976210546	1.3771548990698235	1.6366959958583092	1.884359559398088	2.489959739393741
0.001180230	356.0	0	0.9764817805375905	1.384543050142385	1.6458988445788187	1.8940927233684404	2.502783562430889
0.001180230	357.0	0	0.9832956138977083	1.3918303835449164	1.6554186815073184	1.9040948897057348	2.515452225016833
0.001180230	358.0	0	0.9901348199772242	1.3995944425358382	1.6649106763783679	1.9139168328714657	2.5275989869390316
0.001180230	359.0	0	0.9970121797623628	1.407409506240875	1.6739963260557413	1.9237434679468017	2.5397202073514005
0.001180230	360.0	0	1.0039551567914573	1.415217092076772	1.6822866183842322	1.933579119907853	2.5518177260647374
0.001180230	361.0	0	1.0109372114253334	1.4228696484074392	1.691784329716815	1.9434316280171178	2.5638869549418297
0.001180230	362.0	0	1.0179422827257432	1.4302771969412627	1.701271796154265	1.9533152536209355	2.5759245620793054
0.001180230	363.0	0	1.0249522268971525	1.4385468133126214	1.7107526974419267	1.9633734038009254	2.5879361690382265
0.001180230	364.0	0	1.0319514662141038	1.4463673509173276	1.7202318871660158	1.9746703644457555	2.5999229530552954
0.001180230	365.0	0	1.0389300572840487	1.454789126059088	1.7295149479102863	1.9841241073929377	2.6118982630636913
0.001399520	0.0	0	0.001837685587572101	0.002913768075192782	0.0037938850301145926	0.0051374298642178125	0.010447686141594345
0.001399520	1.0	0	0.0029259397871294755	0.004657364417015812	0.006112141000507228	0.008269518580940525	0.017151116091187617
0.001399520	2.0	0	0.0036024582228624973	0.005740238795172176	0.007559554511079786	0.010228944807247963	0.021462824739964508
0.001399520	3.0	0	0.004050884116242405	0.006468957939524285	0.0085241626174626	0.011518103229709259	0.024356990135509318
0.001399520	4.0	0	0.004354829532611146	0.006984304706311333	0.00919456791831088	0.012412538049354735	0.02642588802466266
0.001399520	5.0	0	0.004657310102842346	0.0074140861985325	0.009720803573343475	0.013176256929600443	0.02800857642397935
0.001399520	6.0	0	0.004872393822669609	0.007765457915814688	0.010187176142582965	0.013752460650761918	0.029300211907095277
0.001399520	7.0	0	0.005030208779674418	0.008056493248837227	0.01057758510861321	0.014278972151443095	0.030410511722106372
0.001399520	8.0	0	0.005149886011778425	0.008382476815090665	0.010915881925414355	0.014770645408216813	0.03140229022117176
0.001399520	9.0	0	0.00527502371717152	0.008626697369004474	0.0112567863835196	0.015226797032472223	0.032650608451085125
0.001399520	10.0	0	0.005423754470667789	0.008891483133899699	0.011548260753155395	0.015736169141121994	0.03391665583042758
0.001399520	11.0	0	0.0055831778846038415	0.00909853468765335	0.011889349113558465	0.016289211660273258	0.034991521315664915
0.001399520	12.0	0	0.00573000710519653	0.009343968222359274	0.012267830191704977	0.01675987065040419	0.035994690900174264
0.001399520	13.0	0	0.005867459644614789	0.00962103906416211	0.012567703661430401	0.017175030895077853	0.03670034410069118
0.001399520	14.0	0	0.006016228411535411	0.009839772893032974	0.01291040335055513	0.017651941546331644	0.03736811754072212
0.001399520	15.0	0	0.006101929943104804	0.010099268769203607	0.013415819613420164	0.018098857900607987	0.038000945039264294
0.001399520	16.0	0	0.006224940592562621	0.010479730942477455	0.01382844731421848	0.018659599332600176	0.03859460535572237
0.001399520	17.0	0	0.006353319411821462	0.010758840689800417	0.014249109873469197	0.01910656564149179	0.039157417678955066
0.001399520	18.0	0	0.006494049584929721	0.01102027916923714	0.01469263499840988	0.019801120559079132	0.04053769443091489
0.001399520	19.0	0	0.006720054997519675	0.01120718517276578	0.015186961582922948	0.020386355756448964	0.04104315943646914
0.001399520	20.0	0	0.006913083280110347	0.011588982721492362	0.01565672918279641	0.02099358918972214	0.042114428267133255
0.001399520	21.0	0	0.007088097045232733	0.011937830345050457	0.016159091187702188	0.02153019478768945	0.04296954575978112
0.001399520	22.0	0	0.007253145022753018	0.012275901535471432	0.016773846465703988	0.022178391854088934	0.04353544726989017
0.001399520	23.0	0	0.00732488571637593	0.012651902922551575	0.017311716661764717	0.02296632279169801	0.04543187614777015
0.001399520	24.0	0	0.007394731235835924	0.01304978667834459	0.017755893769291632	0.023741665147748982	0.04608859558753978
0.001399520	25.0	0	0.0077604824188603335	0.01340203196162763	0.018314180666681584	0.024548381471914238	0.04669096852212818
0.001399520	26.0	0	0.007979594888370153	0.013808249442155363	0.018968855029202036	0.025303876248855696	0.04776127416817932
0.001399520	27.0	0	0.008243739514027477	0.014264831976553483	0.019714592584502443	0.026298067816991493	0.04885739235294196
0.001399520	28.0	0	0.0083434535933717	0.014667394628447725	0.020445695435127267	0.02732698472795466	0.05011190639438239
0.001399520	29.0	0	0.008427922945857669	0.015231130509538367	0.0211772236455543	0.028194812626816987	0.05131845308059748
0.001399520	30.0	0	0.00869067497977541	0.015790827979889784	0.021940796040075525	0.02914484520032048	0.05238923601194643
0.001399520	31.0	0	0.00898552653114151	0.016346851653208278	0.02260711829368853	0.030274850779517585	0.053946760957644564
0.001399520	32.0	0	0.009222758984946981	0.017004795187229638	0.023513432087110448	0.031181678908163372	0.054974776777333735
0.001399520	33.0	0	0.00951547627631604	0.01769858541327738	0.024245425347189552	0.032330944515678604	0.056498682809564583
0.001399520	34.0	0	0.00970077245424128	0.018196839388514505	0.025154459678833136	0.03350989428306651	0.05806010412119498
0.001399520	35.0	0	0.009976229539426451	0.018809627668104473	0.02620230887226497	0.0345641328366765	0.05950548536128086
0.001399520	36.0	0	0.010334025684504445	0.019361941598234237	0.02716225403993406	0.03596086076989267	0.06055501315318804
0.001399520	37.0	0	0.010573342290858028	0.01997910894071825	0.028080441836069128	0.037357943463464355	0.06210704062046155
0.001399520	38.0	0	0.010714332406382995	0.02068309982714551	0.02912033860448989	0.038653305899404744	0.06376044859460991
0.001399520	39.0	0	0.010805116704235207	0.021240799305459794	0.030262824395851946	0.04020022373325283	0.0655750968500348
0.001399520	40.0	0	0.010912141133335686	0.021924008715708907	0.03142092294919813	0.041654377653296965	0.0668550524441054
0.001399520	41.0	0	0.011379741100717383	0.022758776598470903	0.03263051640138864	0.04307664477091059	0.06882171872010566
0.001399520	42.0	0	0.011788050530323554	0.023618918553444154	0.03398770671688871	0.04492768286870356	0.07035060480446416
0.001399520	43.0	0	0.012263479796408447	0.024554649924210834	0.035127931308406364	0.04651190930445799	0.07208066346598122
0.001399520	44.0	0	0.01285145697159585	0.025342622003028118	0.0362039272842314	0.047884575113655306	0.07404198277084385
0.001399520	45.0	0	0.01313127635357509	0.026163863277585644	0.03755087624684923	0.04957213361126874	0.07647230616497452
0.001399520	46.0	0	0.013993399705405607	0.027094449858455154	0.03854681527110855	0.051266216081353747	0.07878022626941267
0.001399520	47.0	0	0.014734557189428406	0.027908405692104676	0.04008140435113193	0.05291565040260878	0.08115254516768565
0.001399520	48.0	0	0.015317353809856207	0.028860598655842035	0.04145776667790617	0.05483369748089192	0.08341573589466389
0.001399520	49.0	0	0.01596589712919781	0.029763461466965846	0.042816649637352704	0.05673311767613345	0.08550939603143011
0.001399520	50.0	0	0.016515130676791702	0.03096094815800433	0.04414618255746912	0.05835810802615966	0.0886905711148335
0.001399520	51.0	0	0.01717906959677412	0.03204765851193192	0.045542402033659134	0.059928859214700606	0.0919502714866204
0.001399520	52.0	0	0.01759376877245328	0.03331727895086929	0.0470962619829811	0.06151874142815353	0.09398019028858155
0.001399520	53.0	0	0.01804723881942924	0.03450362458143774	0.04851586149700299	0.0633061759338552	0.09603361111792057
0.001399520	54.0	0	0.01861323666211113	0.035569213357611644	0.050045417230526114	0.0653004003510984	0.09867245980326073
0.001399520	55.0	0	0.019937430854839913	0.036467341469968356	0.051782810445657426	0.06712217724159686	0.10183816984510591
0.001399520	56.0	0	0.020345190809392143	0.03773067740590838	0.053406591775093284	0.06908483173319063	0.10450756281474678
0.001399520	57.0	0	0.02144305421036037	0.039072857526636445	0.054867248782611955	0.07111862140320199	0.10686500331990091
0.001399520	58.0	0	0.022177313500633455	0.040413430243608814	0.05654795027157746	0.07329432232362182	0.11030260697494905
0.001399520	59.0	0	0.02260885318661653	0.04165336513199233	0.05816763745443834	0.07535837834422408	0.1136548112728289
0.001399520	60.0	0	0.02318118023481548	0.04284697386349812	0.06002262792428204	0.07749431931195688	0.11692539013516787
0.001399520	61.0	0	0.02356491445340599	0.04411444903325678	0.061766030988550415	0.07965689458861859	0.11960546339641952
0.001399520	62.0	0	0.02439096626656924	0.04566290339111363	0.06364541501846373	0.08182443262397486	0.12279495441121524
0.001399520	63.0	0	0.02531070999585258	0.04713682456990141	0.06572098775826182	0.08398140156184719	0.1265651385877391
0.001399520	64.0	0	0.025715907976119303	0.04899605892708867	0.06770337562771372	0.086072315101428	0.13033732529275638
0.001399520	65.0	0	0.026437733777902334	0.05040654452236749	0.06995527416048988	0.0885952116853136	0.1341320904598969
0.001399520	66.0	0	0.027236095814357934	0.05161848267450165	0.07226669977151581	0.09136245817237831	0.13746327906137065
0.001399520	67.0	0	0.028633325210352126	0.053408254171263395	0.07420066369876621	0.09368509687477625	0.14163912916019808
0.001399520	68.0	0	0.02967838528986124	0.055065606159897126	0.07618620580474336	0.09604032291131506	0.1448405271740261
0.001399520	69.0	0	0.031216100273051064	0.056813113430188834	0.0782856737036389	0.09832409216236873	0.1480561656625321
0.001399520	70.0	0	0.03232390066222505	0.05824717775766606	0.08044746985690775	0.10079825222680394	0.1512930785846568
0.001399520	71.0	0	0.03328005325652367	0.059733829526187644	0.0826210466348521	0.10311347448708127	0.15460636990925936
0.001399520	72.0	0	0.03398582135529593	0.0615299338163427	0.08458081035027182	0.10578537937670435	0.15874149347126154
0.001399520	73.0	0	0.035061779998063286	0.0632171757838924	0.08657406921252786	0.10859489042266977	0.16192931225511553
0.001399520	74.0	0	0.03585843686416063	0.06482224106921668	0.0888831953100063	0.11121159547359225	0.16518418701558807
0.001399520	75.0	0	0.03731413136558951	0.0666302442094364	0.09127915221852433	0.11370974209153553	0.16844725052599274
0.001399520	76.0	0	0.038013036468451104	0.0685078337297047	0.09357893579007259	0.11693668947927811	0.17195964884191392
0.001399520	77.0	0	0.03883538595108886	0.0705182676626337	0.09588141169502654	0.11995749179613932	0.17559968199695833
0.001399520	78.0	0	0.0398399892827898	0.07238326215029602	0.09816850156143109	0.12297230527623162	0.1794459036790234
0.001399520	79.0	0	0.04071979692938209	0.07426305314436123	0.10030634895510149	0.12587534330372785	0.18349379398191912
0.001399520	80.0	0	0.04156503806767962	0.07634053463727301	0.10264246240299177	0.1285391005827462	0.1882005051838205
0.001399520	81.0	0	0.042673127566883746	0.07821150597733449	0.10504826173609397	0.13167035785215667	0.19227923202209027
0.001399520	82.0	0	0.04386691027330183	0.08019575165756127	0.10737108105244603	0.13466027701316075	0.1963659780527005
0.001399520	83.0	0	0.04507753739684869	0.08212770528977287	0.1097966718260962	0.1376956664779168	0.20066314537801022
0.001399520	84.0	0	0.04618475020335814	0.08398937091547616	0.11238659998147252	0.1415396362924803	0.2045909835612114
0.001399520	85.0	0	0.047338038712582714	0.08586175453365717	0.11508768294322862	0.1452035869124131	0.20906960608111913
0.001399520	86.0	0	0.04833587286234737	0.08781121535908806	0.11773126437215645	0.14828892771762847	0.21390913533793324
0.001399520	87.0	0	0.049652010986900905	0.08970081338241281	0.1205718284111923	0.15170194585711094	0.21751244982662415
0.001399520	88.0	0	0.05081289813762774	0.0920731240957343	0.12291530116403984	0.15562785177481853	0.22163367912852378
0.001399520	89.0	0	0.052100538412602454	0.09445329235332318	0.12550096968130586	0.1589824315109814	0.22605264743084033
0.001399520	90.0	0	0.0538273333632939	0.09674604547602321	0.12840751511483145	0.16234695591899928	0.230203762333486
0.001399520	91.0	0	0.05557108297653296	0.0990113210273533	0.13117556239029526	0.16609255352529906	0.23473650401425408
0.001399520	92.0	0	0.056493311298405055	0.10155604663264944	0.13391356578152824	0.1688381462999254	0.23937474142924653
0.001399520	93.0	0	0.05780062501307416	0.10378055778859333	0.13672255503351444	0.172210575497966	0.24353817204148134
0.001399520	94.0	0	0.05970048108159605	0.10610522384200147	0.13951295428751376	0.17532729140433656	0.24767196245950263
0.001399520	95.0	0	0.0617621313722559	0.10860450821948248	0.14217718177270255	0.17856449394895813	0.25181124197040133
0.001399520	96.0	0	0.06303568339706091	0.11146576880573035	0.1449306451438433	0.18198292625169352	0.25623125523542684
0.001399520	97.0	0	0.06438515821062839	0.11397999383467826	0.14810792854043772	0.18577527184319806	0.26083545769441524
0.001399520	98.0	0	0.0658763831846771	0.11641723224216656	0.15094884310489634	0.18943565653555194	0.26544386821773047
0.001399520	99.0	0	0.06787174643991982	0.1185503200435563	0.15399884953986626	0.19295538379137467	0.27014057567511646
0.001399520	100.0	0	0.0698848072716067	0.12164424392486875	0.15702695487341772	0.19604822529573815	0.2757336738772692
0.001399520	101.0	0	0.07092640243786918	0.12419803785726226	0.16020716629323278	0.19982166165644077	0.2800998132774583
0.001399520	102.0	0	0.0725915043326395	0.12657241205853134	0.16328188664756293	0.2038975232851817	0.28529884240404074
0.001399520	103.0	0	0.07409767385203139	0.12951058358856996	0.16639182550104642	0.2075165068195436	0.2895921024291736
0.001399520	104.0	0	0.07524123503247726	0.1317709811664033	0.16932137796557084	0.2110763841241034	0.29388203826763054
0.001399520	105.0	0	0.07701885616885551	0.1343442272350212	0.17230845589936994	0.21499644873920137	0.2992626026980028
0.001399520	106.0	0	0.07901088955735576	0.1368718715126376	0.17564884811498077	0.21943318337829193	0.3046828025519875
0.001399520	107.0	0	0.08059072212351316	0.13951045930439865	0.1788938096902739	0.22373460261473568	0.3092855850379434
0.001399520	108.0	0	0.08256633983618045	0.14246965990960062	0.18239440579604715	0.22789443473542137	0.3139317240187129
0.001399520	109.0	0	0.08459558773411849	0.14549147657308945	0.18592112886749815	0.2316501943626204	0.3205101783381652
0.001399520	110.0	0	0.0866020870279503	0.14796517248328916	0.1892448665327943	0.23563914948200615	0.32566194815835153
0.001399520	111.0	0	0.08877784348272488	0.15037834408655118	0.1925515663438865	0.2396638153894397	0.33031773143601734
0.001399520	112.0	0	0.09091562354080897	0.15307568046355655	0.19588886514578194	0.24389805281930044	0.33649489796471466
0.001399520	113.0	0	0.09302573966959359	0.15637412325725106	0.1993249423580526	0.24822706372429307	0.34194417206345057
0.001399520	114.0	0	0.09545759642128558	0.1592503207662112	0.20284056180458637	0.252590358461391	0.3464440190769005
0.001399520	115.0	0	0.09710165010153726	0.16248897849604532	0.20635584352458386	0.256896123964765	0.3525700658745531
0.001399520	116.0	0	0.0990525214651173	0.16568510431696132	0.2096739324421925	0.2612714183827671	0.35982860900264224
0.001399520	117.0	0	0.10145159161332219	0.16897084586718902	0.2130786391942775	0.26540964624239227	0.3666357201564142
0.001399520	118.0	0	0.103667096874629	0.17183830314919876	0.21669899098587908	0.26990622598191444	0.37205705397238914
0.001399520	119.0	0	0.10562183315280525	0.17484955279016018	0.2203046437523146	0.27415425744809	0.37756472847032274
0.001399520	120.0	0	0.1076426907561329	0.1777341496160869	0.2237699507931527	0.2788299129434233	0.3830972657381897
0.001399520	121.0	0	0.10974890633029556	0.18123992357381102	0.22731852307409425	0.2837142672561106	0.3885954411057929
0.001399520	122.0	0	0.11194185389354121	0.18430610055502086	0.230750288121847	0.28839523742731676	0.39320199055061317
0.001399520	123.0	0	0.11416307820556429	0.1872768517591446	0.2345365323523175	0.2928414701790333	0.39751500084869695
0.001399520	124.0	0	0.1164209183916509	0.19006219719312556	0.2381175061162679	0.2972595641756722	0.40181723034822214
0.001399520	125.0	0	0.11874480450424896	0.1934625969325083	0.24184134144438435	0.30202623033227405	0.4061084919877154
0.001399520	126.0	0	0.12115467110610785	0.19659001195781534	0.24592162739502013	0.30731825675705676	0.4117379978563502
0.001399520	127.0	0	0.12364530133104054	0.19941886981906443	0.2501981781843184	0.312541437214044	0.41881922321510656
0.001399520	128.0	0	0.12618292888015653	0.20244867170901715	0.2544494287700653	0.3170759930558539	0.4258801363988012
0.001399520	129.0	0	0.1287393524991611	0.20594428461845818	0.2587453649190404	0.32151923723624226	0.43294121346092196
0.001399520	130.0	0	0.13129275590127093	0.20928723149331044	0.2629799611434648	0.3259336918974874	0.438793897223204
0.001399520	131.0	0	0.1337202083403096	0.2126424154147718	0.26735088505242144	0.3302173371019763	0.44462137360438875
0.001399520	132.0	0	0.136023795567946	0.2157437569012245	0.27159962033359053	0.33486529974314916	0.4515153606130873
0.001399520	133.0	0	0.1383327847828168	0.2193114137588487	0.27600167152237176	0.3392955881490146	0.45946426664048173
0.001399520	134.0	0	0.14064845265330073	0.22294820463118184	0.28016708127454026	0.3441483286910044	0.46681873096822274
0.001399520	135.0	0	0.14296761881557626	0.22673213001811704	0.28423864142669186	0.3494005955300369	0.4728127466543502
0.001399520	136.0	0	0.14529702864301516	0.23053723600929601	0.2884364853300061	0.35406514607366385	0.47886809738162534
0.001399520	137.0	0	0.14745428047693096	0.23412528127290053	0.29291863106928806	0.35857004262478503	0.48556106331819093
0.001399520	138.0	0	0.14954409296555055	0.23759290928852142	0.29727818482113877	0.3632919302371803	0.49237902916249626
0.001399520	139.0	0	0.15169356032144302	0.24091764333383037	0.3014316983006907	0.3690597704359665	0.49914941547945707
0.001399520	140.0	0	0.15440336894706214	0.2443842975675411	0.30510722201941476	0.3744102471564222	0.5058723945412602
0.001399520	141.0	0	0.15756046552676192	0.2476858510479281	0.3092330256002832	0.3789148133524111	0.5125016741725186
0.001399520	142.0	0	0.16021626544100093	0.25096895666200647	0.3136172044783545	0.38431237370045324	0.5183483658048628
0.001399520	143.0	0	0.16289491833837286	0.25461994713957925	0.3179512774588058	0.38967971846008176	0.5243565077041992
0.001399520	144.0	0	0.16561058486595678	0.25810946477350993	0.3224928779377345	0.3947857171630241	0.5320611993879999
0.001399520	145.0	0	0.16834368768179625	0.26222327786134547	0.32710360987296583	0.4003349631533782	0.5388983779803174
0.001399520	146.0	0	0.17174682069328923	0.26601354098581564	0.33185110604733703	0.4058761575179659	0.5455150614071772
0.001399520	147.0	0	0.175328410685526	0.2696535874822589	0.3360143730485764	0.41144108700257814	0.5540286218169711
0.001399520	148.0	0	0.17755849805778542	0.27359693413579167	0.34060173632828394	0.41649970859269325	0.5626257598136715
0.001399520	149.0	0	0.17995011712011166	0.2769948350472815	0.34577263608078024	0.4221481475639656	0.5693838499461131
0.001399520	150.0	0	0.18269457437838316	0.2806258893511712	0.35028889366099314	0.42735546141490643	0.576133294597401
0.001399520	151.0	0	0.18567715327459614	0.28497710313759916	0.35467196791794897	0.43298107722141976	0.582971411281709
0.001399520	152.0	0	0.18866483614882712	0.28929725393262146	0.35962177626242353	0.43833720621324523	0.5896779956588079
0.001399520	153.0	0	0.19141338707134029	0.2937370226761647	0.3644407065914306	0.4441961511640853	0.5963811865198801
0.001399520	154.0	0	0.19443012861028042	0.2970281391935764	0.3688009943371016	0.44956995037914194	0.6031721920059523
0.001399520	155.0	0	0.1973858535912323	0.301067109197664	0.3736407093812235	0.4546840993052982	0.6105830499558583
0.001399520	156.0	0	0.19964019222415286	0.30563810248363077	0.3782388922665985	0.4595954753212539	0.6182828004182547
0.001399520	157.0	0	0.2020727343028819	0.3099878163826999	0.3833474859346817	0.4648816266330501	0.6253690479713344
0.001399520	158.0	0	0.20556354743628152	0.31372031477686296	0.3885803433979296	0.4702425803701893	0.6323693128669577
0.001399520	159.0	0	0.2091394882932668	0.31818747673793274	0.3939377746023604	0.47626831150558707	0.6393969837602599
0.001399520	160.0	0	0.2126663717100411	0.321777689051365	0.39903468777557416	0.4822330112312706	0.647253990624123
0.001399520	161.0	0	0.21575333691874007	0.325734843628143	0.4041383462655911	0.4882226433587653	0.6550948699682524
0.001399520	162.0	0	0.21892796008313248	0.3298323372866793	0.40927438532361293	0.4948349104082531	0.6630689948006275
0.001399520	163.0	0	0.2221908012411097	0.3339545865529513	0.4144166487593174	0.501623094838257	0.670876464253608
0.001399520	164.0	0	0.2255641073988438	0.3382420065941994	0.4197611325042807	0.5084775727261435	0.6780107217450754
0.001399520	165.0	0	0.22855393665699664	0.34340742390189016	0.42513816764828816	0.5150534794066001	0.6851183353439199
0.001399520	166.0	0	0.23204858815521118	0.34843410477410647	0.43055093769442654	0.5211768197894076	0.6922328784366228
0.001399520	167.0	0	0.2358715184638376	0.35333299722162137	0.43563312339605664	0.5268975992127842	0.6993562639918484
0.001399520	168.0	0	0.23843155472303804	0.35810756610942085	0.4406080335439163	0.5327376046423392	0.7065065216075751
0.001399520	169.0	0	0.24087567758798023	0.36260480611920637	0.44573848351384204	0.539199790904116	0.7137104677566017
0.001399520	170.0	0	0.24391824302222287	0.36695419887105113	0.4513125916057562	0.5457240826688916	0.7209306640126409
0.001399520	171.0	0	0.24693089745727118	0.37099324419473845	0.4566306940669628	0.5523814880880762	0.7283959527058222
0.001399520	172.0	0	0.2497055018944152	0.3750126012596085	0.4616748423192265	0.5583328483592607	0.7372820967471795
0.001399520	173.0	0	0.25307170224864517	0.37891692351575124	0.46720667999506016	0.565245737896488	0.7462121136913505
0.001399520	174.0	0	0.25673473489118004	0.3828069897469551	0.47274139429742157	0.5719515370430185	0.7551447519493012
0.001399520	175.0	0	0.25937575377739036	0.3875345114361941	0.47825071748280956	0.5775413384061092	0.7632089070027839
0.001399520	176.0	0	0.2618466578412917	0.39104091093314186	0.4836459526968006	0.5843221190960979	0.770101138406617
0.001399520	177.0	0	0.2652706810044195	0.3954838736285773	0.48903493072285187	0.5913718316528106	0.776996268488799
0.001399520	178.0	0	0.26915628946947145	0.40048738741834117	0.49405413479368765	0.5978658904378247	0.7838955660602359
0.001399520	179.0	0	0.2729054742523885	0.40555000164621957	0.4989350340551124	0.6049557079351182	0.7908008020077981
0.001399520	180.0	0	0.2758481508114414	0.410323592754994	0.5045312220185367	0.6118379627535945	0.7977145115660205
0.001399520	181.0	0	0.27880203479445614	0.41595762979385875	0.5103063659261855	0.6181575096879653	0.8053482395893614
0.001399520	182.0	0	0.2824084265372122	0.4216691689145261	0.515818084318373	0.6237761703965125	0.8132091187866239
0.001399520	183.0	0	0.2861510466887122	0.42652855027552583	0.5220217106296934	0.629752562155428	0.8212055490820838
0.001399520	184.0	0	0.28995293819312035	0.4310950323821844	0.5277266145216724	0.6355972622203148	0.8292020608527051
0.001399520	185.0	0	0.2938257480285941	0.43655994860660174	0.533421960676111	0.6425082609606758	0.8371998406048609
0.001399520	186.0	0	0.2977461321213536	0.44196627494846	0.5394074325891787	0.649044511307517	0.8452006303018615
0.001399520	187.0	0	0.3016587261556228	0.44654543031811555	0.5442493416861864	0.6555388436064278	0.8533533881857742
0.001399520	188.0	0	0.3055597967671853	0.451653755551101	0.5497481484295257	0.6615676172339267	0.862092119822357
0.001399520	189.0	0	0.30944849981423705	0.45715406156922583	0.5554572671287714	0.6676129898627574	0.8708652748995265
0.001399520	190.0	0	0.3133244755201896	0.46307524715036175	0.561099717165694	0.674447133245906	0.879285375175913
0.001399520	191.0	0	0.3171821902648093	0.46794320741550854	0.566779849235754	0.6814385419842086	0.8883276253766524
0.001399520	192.0	0	0.32089163679492	0.4726130100694184	0.5724852632387432	0.687676447456254	0.8962069715186696
0.001399520	193.0	0	0.3244599947054362	0.4779133885653396	0.5778902098477166	0.6937245051265896	0.9048110578175067
0.001399520	194.0	0	0.3281451689927335	0.4836087145533473	0.5837770379155779	0.6998975574898507	0.9139829919048689
0.001399520	195.0	0	0.3323895698201292	0.4883405738113797	0.5898881379382784	0.7063028444833174	0.9219977846807529
0.001399520	196.0	0	0.33615339302843716	0.4936618803600663	0.5962445462797055	0.7127909104652772	0.9297166730545052
0.001399520	197.0	0	0.33990196675915724	0.49934058680347226	0.6027146950522979	0.7193471905041261	0.9392977631688204
0.001399520	198.0	0	0.34387819452800966	0.5042819591147587	0.6098099245993971	0.7261517831178144	0.9488934325334109
0.001399520	199.0	0	0.3484602039800644	0.5098048444368004	0.6160749995609978	0.732524559047584	0.9578303823935027
0.001399520	200.0	0	0.3530845419997897	0.514990074363496	0.6228879421865476	0.739270997381471	0.9666178099105958
0.001399520	201.0	0	0.3566536356916438	0.519806867899948	0.6290120897420755	0.7456148278189973	0.9760317712455142
0.001399520	202.0	0	0.3601087588144162	0.5251082285348325	0.6359996815062647	0.7521779551361677	0.985856843644645
0.001399520	203.0	0	0.36355431615698364	0.5311979536830457	0.6419478640496971	0.7598873625752951	0.9956876273769228
0.001399520	204.0	0	0.3670021225026159	0.5376951761789712	0.6482887948032207	0.7670409765858681	1.0055273270842622
0.001399520	205.0	0	0.3709458196979781	0.5430611465971498	0.6545656343940194	0.7744950049931847	1.0153795958984215
0.001399520	206.0	0	0.37497110734249667	0.548637193974203	0.6611350299095193	0.7817261779982558	1.0252493479885056
0.001399520	207.0	0	0.37932529096963186	0.554462965946019	0.6675211628863325	0.7893517568700307	1.035142971816195
0.001399520	208.0	0	0.38399383137837584	0.5599616877430789	0.6744740992555234	0.7967802691984595	1.045049084262716
0.001399520	209.0	0	0.38847849929220635	0.5649593124614726	0.6807681222919195	0.8047181633691203	1.0546437382292815
0.001399520	210.0	0	0.3923230204810557	0.5704310969842534	0.6869706301216675	0.8129326048069858	1.0642385064600413
0.001399520	211.0	0	0.39622472345567794	0.5762828544129167	0.6935245729429753	0.8198626867280698	1.0738336112112112
0.001399520	212.0	0	0.40021885212991515	0.5821454297897012	0.6992598159149993	0.8267064069635996	1.0834293334688039
0.001399520	213.0	0	0.4043888990559766	0.5877077425575006	0.7058998014041113	0.8347455518530866	1.0930032216111198
0.001399520	214.0	0	0.4089183894567728	0.5935012863665035	0.7124337981490692	0.8422610177390643	1.1025568132407113
0.001399520	215.0	0	0.41356174565412596	0.5991483275847482	0.7187121703353128	0.8497623309910887	1.1113027176079964
0.001399520	216.0	0	0.4182839013756227	0.6044601005874041	0.7246666270269095	0.8565735251842816	1.1197379011322144
0.001399520	217.0	0	0.42305989965258745	0.6103401824428132	0.7305469183736091	0.8644079033238108	1.1293842440414448
0.001399520	218.0	0	0.42787944283045165	0.6168279370190588	0.7368911399079113	0.8725919901661149	1.1399488980840569
0.001399520	219.0	0	0.43165155330690064	0.622544840854661	0.7433277594097881	0.8799187416692319	1.1504998902246493
0.001399520	220.0	0	0.43551438043292456	0.628166145412949	0.7497910970757362	0.8887466223448756	1.1610513839113312
0.001399520	221.0	0	0.44099601446818776	0.6336810921737321	0.7565048625133775	0.8971164917572849	1.1716226088240234
0.001399520	222.0	0	0.4463013079717385	0.6395058624692167	0.7628620140413721	0.9051096850770355	1.1816875866672518
0.001399520	223.0	0	0.45161292542877546	0.6456569244494963	0.7693550367285971	0.9124454007982569	1.191731568856332
0.001399520	224.0	0	0.45671576096794686	0.6521222350047788	0.7767455930939413	0.9199090893424093	1.2017297661616873
0.001399520	225.0	0	0.4616598130509638	0.6584533766342034	0.7843898579286533	0.9274630006119157	1.2116960485047539
0.001399520	226.0	0	0.4666011041342331	0.6645157811408584	0.7925045574317771	0.9347341703678034	1.2208873956825934
0.001399520	227.0	0	0.4715260335057399	0.6701751040905659	0.7989026442351805	0.9422883257728041	1.2302209640527026
0.001399520	228.0	0	0.4764322716434159	0.6756221842436712	0.8051458770376752	0.9506906185360546	1.2397255868702397
0.001399520	229.0	0	0.4813429332853757	0.6816538067177268	0.8119008174104164	0.9586515945396505	1.2492678296031903
0.001399520	230.0	0	0.48700953792258755	0.6880409222148194	0.8180608650738513	0.9674563879944319	1.2588286274827072
0.001399520	231.0	0	0.492487123490046	0.6942818568738808	0.8249148235446192	0.9754666120247066	1.2684203270901326
0.001399520	232.0	0	0.4978356171787442	0.7015000212096766	0.8311549687142705	0.9831144019164234	1.2780608161139448
0.001399520	233.0	0	0.5032270507882343	0.7087533806576947	0.8373198535179631	0.9916505898728727	1.2877712870186
0.001399520	234.0	0	0.5086211197572325	0.7150244712542586	0.8435931155046288	0.9992108980861287	1.2975358748546775
0.001399520	235.0	0	0.5140167291552084	0.7215284577851319	0.8503844615625397	1.0064852227121248	1.3073712099195058
0.001399520	236.0	0	0.5187110480897831	0.7277243220236416	0.8569206313568952	1.0147207821164623	1.3172499753839961
0.001399520	237.0	0	0.523338736002297	0.7339754827991993	0.8642984746919025	1.0232985640609633	1.326039707521194
0.001399520	238.0	0	0.5279604813355988	0.7403073335160142	0.8721898766679741	1.0313383101327969	1.3359996836545485
0.001399520	239.0	0	0.5325749101911583	0.7466455754568546	0.8792904783874604	1.0392843171502233	1.346649959695969
0.001399520	240.0	0	0.5371814978383755	0.7526295609383036	0.8863237530257209	1.0471803980341794	1.357007701086241
0.001399520	241.0	0	0.5417806283144044	0.7588909405027103	0.893506427986168	1.055715340509129	1.3678071090566797
0.001399520	242.0	0	0.5463732368678833	0.7656961164312311	0.9019376814829051	1.0649666061500336	1.3783222156745218
0.001399520	243.0	0	0.5508248480184582	0.7719265217541004	0.91026633724757	1.0741702022848962	1.3888119807756183
0.001399520	244.0	0	0.5555483942459516	0.7779604593267295	0.917623882916343	1.082699806960385	1.3990956163655697
0.001399520	245.0	0	0.5603937348860548	0.7845233296877042	0.925023151518606	1.091038893650851	1.4092936724448044
0.001399520	246.0	0	0.5655324087579118	0.790817548607656	0.9320655225845025	1.0998847708099833	1.4194721372586612
0.001399520	247.0	0	0.5707377590813282	0.7966460455255187	0.9390058185755832	1.1084800895299405	1.4296312013785322
0.001399520	248.0	0	0.5753686839258324	0.8027689742127585	0.9465230760556753	1.117282148012307	1.4416804333963822
0.001399520	249.0	0	0.5793797701621108	0.8098097527865197	0.9545103203211811	1.1261570259704357	1.452181911212944
0.001399520	250.0	0	0.5837291871639788	0.8162004843701031	0.9622604888753878	1.1353549675320318	1.4626773915203244
0.001399520	251.0	0	0.5885850787595341	0.822497201497493	0.9694750987433169	1.1443889508807183	1.4731684764696829
0.001399520	252.0	0	0.5934355782921614	0.8291638739765193	0.976512304577837	1.1535852173363277	1.4836570915456782
0.001399520	253.0	0	0.5982830567496139	0.8350682891036711	0.9835498399803723	1.1624032076183193	1.4941438209249334
0.001399520	254.0	0	0.6031364926074382	0.8407153827193697	0.9906842708536505	1.1703073061165847	1.504630172924606
0.001399520	255.0	0	0.6080127021470644	0.8468269694595054	0.9994117208506078	1.1790287480483501	1.5156832970345804
0.001399520	256.0	0	0.6129413812837545	0.8531494509016645	1.0069807987757562	1.1874898998080896	1.5273128577183173
0.001399520	257.0	0	0.6179776374408171	0.8599852078797936	1.0146628673569231	1.1969582948181892	1.5389848555561927
0.001399520	258.0	0	0.6232178052268339	0.867147197194767	1.0221665706933265	1.2055576607847074	1.5504821273357783
0.001399520	259.0	0	0.6286603412101227	0.8743241126703096	1.029640695755905	1.2142634564229837	1.5614544940915072
0.001399520	260.0	0	0.6342947440005433	0.8810079504686954	1.0370256866014913	1.2233457956074014	1.5724767176479377
0.001399520	261.0	0	0.6400957738876262	0.8872919632073057	1.0447470641182157	1.232081475219737	1.583565683188128
0.001399520	262.0	0	0.6459897934647132	0.8937419654182055	1.052661286253152	1.240233458477728	1.5947549589720948
0.001399520	263.0	0	0.6519597190531066	0.9002455818786382	1.0600710162610203	1.248688082087187	1.6060417563820608
0.001399520	264.0	0	0.6581595563272635	0.906791646911691	1.0679619822610753	1.2562830874954771	1.6173834232858095
0.001399520	265.0	0	0.6646392834873418	0.9132675204951608	1.0757141898499825	1.2642864052581333	1.628795818491383
0.001399520	266.0	0	0.6711342478914285	0.9196681301238574	1.0828678964581577	1.27225547140428	1.6402730828309051
0.001399520	267.0	0	0.677638082989997	0.9260343968970911	1.0905317850917777	1.2808933472978412	1.6517954673448398
0.001399520	268.0	0	0.6841546059701564	0.9325252998047966	1.0988496974347537	1.2893894780762205	1.663318375435495
0.001399520	269.0	0	0.6906880361058344	0.9397329684410167	1.1062631080039702	1.298823875593773	1.6748471931780238
0.001399520	270.0	0	0.6958311257042621	0.9461906033467551	1.114209044174258	1.3088793773418999	1.6864049748458851
0.001399520	271.0	0	0.7006001042345248	0.9530124229905368	1.1219249719248277	1.3186208583438992	1.6977348777068892
0.001399520	272.0	0	0.7065320986280248	0.9593383149160931	1.1300137130347452	1.3278011188220793	1.707741935767405
0.001399520	273.0	0	0.7127075126655773	0.9657487772278828	1.1381207537672158	1.3383661434081358	1.7177063966773944
0.001399520	274.0	0	0.7181491877724896	0.9743025435066504	1.1462442082282096	1.3472178624477877	1.7276328267201344
0.001399520	275.0	0	0.7231541673954472	0.982070543133172	1.1543824885800094	1.3560193329887513	1.7392413103319107
0.001399520	276.0	0	0.7281424833685336	0.9900673182265229	1.1623841292446557	1.3657591835491332	1.7524347561078941
0.001399520	277.0	0	0.7331196220023765	0.9964649131636919	1.170725594519967	1.3755023925630254	1.765685659843021
0.001399520	278.0	0	0.7380946473576019	1.0033334402768543	1.1791299917939353	1.3849143576933423	1.7790142167915814
0.001399520	279.0	0	0.7430682858503393	1.0107452086439739	1.1878629698088479	1.3945567150542915	1.7919059531527375
0.001399520	280.0	0	0.7480416913660205	1.0188269168009219	1.1962111430605389	1.404164943824441	1.8040120193771287
0.001399520	281.0	0	0.753015560771247	1.027296874415124	1.2043940572419332	1.4131210389113624	1.8160710975064454
0.001399520	282.0	0	0.7579908281105553	1.0347092707912335	1.2120486732995284	1.4221998611249556	1.8281361114186025
0.001399520	283.0	0	0.7629687596627025	1.0420487393898141	1.2200637435798376	1.4309641204138117	1.840215608964216
0.001399520	284.0	0	0.7679510927688818	1.0481918055551165	1.228545462085823	1.4399567535831888	1.8517663135345663
0.001399520	285.0	0	0.7729402397642819	1.0548138985431257	1.2372463957654602	1.4494630201549321	1.8631974036843852
0.001399520	286.0	0	0.7779395788606812	1.0630026787435394	1.2453530014207788	1.4583136859048278	1.8745065173277056
0.001399520	287.0	0	0.7829538173528909	1.0703609207922535	1.2536483346871714	1.4679593842572187	1.885830044513937
0.001399520	288.0	0	0.7879892596754093	1.0776129937925059	1.2620001244617334	1.4770654859515258	1.89717964371443
0.001399520	289.0	0	0.7930535589528481	1.0851975535163216	1.2701127151997231	1.4873802485897598	1.9085629915305806
0.001399520	290.0	0	0.798154863439298	1.092120423912793	1.2789002700667416	1.4978260651741484	1.9199886674601923
0.001399520	291.0	0	0.8033020632034719	1.0990432605423615	1.2884364500739995	1.5078994542886286	1.9314650728722584
0.001399520	292.0	0	0.8085074187144863	1.10636656456352	1.2983067624018296	1.516753292981841	1.9429986372178916
0.001399520	293.0	0	0.8137840739936231	1.1138504534433673	1.3072206854248718	1.5259317191408721	1.954591889064643
0.001399520	294.0	0	0.8191473882831859	1.122035159131371	1.3159949693382622	1.5354694965124944	1.966242248360729
0.001399520	295.0	0	0.8245874884873527	1.1298208013445186	1.324267741301806	1.5446527929837257	1.9779424888023236
0.001399520	296.0	0	0.830090165672081	1.1377440252377737	1.3330313056087502	1.5541398924778986	1.9896826225995992
0.001399520	297.0	0	0.8356652469058403	1.1451613892417296	1.3413956263542695	1.5650813445595881	2.0019678556315825
0.001399520	298.0	0	0.8410248210901469	1.152521801502264	1.349338961236833	1.574835215545528	2.014367827679819
0.001399520	299.0	0	0.8459777845175247	1.1601021256624802	1.3582746204680145	1.5837913029310435	2.0261935812951477
0.001399520	300.0	0	0.850958168955704	1.1678379831777732	1.3676302629321349	1.592808440211072	2.0379882123408852
0.001399520	301.0	0	0.855979425265263	1.1754469498110254	1.375723061758086	1.6028893606808894	2.0497198487609594
0.001399520	302.0	0	0.8610583727611575	1.1825786935009472	1.383454075213253	1.6134100095246229	2.061609224064855
0.001399520	303.0	0	0.8662319819488966	1.1909770755780313	1.3930607220928901	1.6238366451696242	2.073757341996801
0.001399520	304.0	0	0.8715006370822549	1.198810681825708	1.40231450614412	1.6332874105004314	2.085905826402248
0.001399520	305.0	0	0.8768439824100355	1.2069588876681627	1.4113277521587555	1.6433650195376768	2.098051630742149
0.001399520	306.0	0	0.8822388048425451	1.2146070157830344	1.4192966752921083	1.65378045575692	2.1101943157942222
0.001399520	307.0	0	0.8889104006322591	1.2225107265157282	1.4276964045604197	1.663790695752895	2.1223320752320434
0.001399520	308.0	0	0.8957645284720812	1.2304884009539625	1.4366334345994185	1.6744778186264606	2.1348097877992016
0.001399520	309.0	0	0.9026446690032601	1.2386001593819385	1.4455030180895514	1.6847660189555047	2.148075668402665
0.001399520	310.0	0	0.9093160809410388	1.246710639983386	1.4539668916849129	1.6942181380996209	2.1613333223454334
0.001399520	311.0	0	0.9150944269316419	1.2548010544267447	1.4630032287674477	1.7045616829677372	2.1745822715781595
0.001399520	312.0	0	0.9209258673808224	1.2624493027268424	1.4728244637497774	1.7137026554937906	2.187820569337361
0.001399520	313.0	0	0.9268142742694608	1.2700366084464272	1.482152055927092	1.7227418862452275	2.201055223527186
0.001399520	314.0	0	0.9327560880011809	1.2775725226525338	1.4910395285809315	1.7336034499260524	2.2142984156901653
0.001399520	315.0	0	0.9387393263038956	1.2850690094532833	1.499661203214739	1.744049415535719	2.2275749698694565
0.001399520	316.0	0	0.9445377884441151	1.2931212399225078	1.5082440630127967	1.7545711441899252	2.2403674578756405
0.001399520	317.0	0	0.9500642183223359	1.3029148360107903	1.5177178964077433	1.7648213997338609	2.2533275372193606
0.001399520	318.0	0	0.9555929270625857	1.3112145917686007	1.5273628968274053	1.7744115592961862	2.2650442342187183
0.001399520	319.0	0	0.9611227684437286	1.3191501883904635	1.535816992835791	1.7847664058713069	2.276757054482996
0.001399520	320.0	0	0.9666532413558798	1.3270921600734553	1.5446654521747631	1.7956965145355688	2.288466970661751
0.001399520	321.0	0	0.9721845976832804	1.3350446443851363	1.5537148376297243	1.8066785201624995	2.3001772730550685
0.001399520	322.0	0	0.9777173485823459	1.3430129957044412	1.5620865603263416	1.8176899640144608	2.3118948191362674
0.001399520	323.0	0	0.983246658722544	1.3510037885930541	1.5705156297705058	1.8289573774259777	2.323633492129062
0.001399520	324.0	0	0.9887789790266833	1.3591260791580018	1.5800953693706252	1.839990399090179	2.3354193082082477
0.001399520	325.0	0	0.994315068566308	1.3669519428287735	1.5904590832265446	1.8505124811677194	2.347294534068174
0.001399520	326.0	0	0.9998812543014026	1.375021693623057	1.6011916945558728	1.8610245439244972	2.359308201839294
0.001399520	327.0	0	1.0054601350939538	1.3833810282563954	1.6118890893566935	1.8710641153229284	2.371471857347774
0.001399520	328.0	0	1.01195789963102	1.3918912337558271	1.6219275034896012	1.8808944696583445	2.3837163282980502
0.001399520	329.0	0	1.018574020155824	1.4009609776971714	1.6315895958070064	1.890027670450279	2.3959544478616683
0.001399520	330.0	0	1.0251906811382017	1.4097076030005748	1.6411642165272151	1.8990357389241568	2.408151683326253
0.001399520	331.0	0	1.031809200553597	1.418645031319832	1.6504363420565173	1.909954599721293	2.4204107879161527
0.001399520	332.0	0	1.0384316516899323	1.4269697007431104	1.6599824350872359	1.9213378189777837	2.4335748303860507
0.001399520	333.0	0	1.0450626111659087	1.4357084513308476	1.6692369641060278	1.9327798421589288	2.4468917548845877
0.001399520	334.0	0	1.051719631253665	1.4432699448708592	1.6785301413393232	1.9450815200148637	2.4602541970509098
0.001399520	335.0	0	1.0584085637219185	1.451876284494795	1.6869280704231575	1.9572588864176126	2.4736376478369526
0.001399520	336.0	0	1.065134804318463	1.4601857749142966	1.6965858931213316	1.969486074261396	2.4870599247275713
0.001399520	337.0	0	1.0719017136549593	1.4691713757980813	1.7066430173902853	1.9814737448651374	2.5005494835517332
0.001399520	338.0	0	1.0787213220492964	1.4782109310152813	1.7161754683439499	1.9936706158576738	2.5141387518598206
0.001399520	339.0	0	1.0855830190327656	1.487249514300717	1.725365372222245	2.0057372804097913	2.52783668256502
0.001399520	340.0	0	1.092466435258425	1.4952172281499765	1.7350385173024956	2.0177827308091087	2.5416004003756134
0.001399520	341.0	0	1.0993612254526852	1.5034829872328475	1.7458312822161253	2.0284711278933387	2.555376456124017
0.001399520	342.0	0	1.1062608001339027	1.510608415642216	1.7561549486994776	2.0401201881866293	2.569152003750378
0.001399520	343.0	0	1.113163550070635	1.5191523457697511	1.7660997957734788	2.0509943493170946	2.5829270460763003
0.001399520	344.0	0	1.1200712718939028	1.5282204788255371	1.7757569472953492	2.0616149243366433	2.5966960789488467
0.001399520	345.0	0	1.126987591374743	1.536122805085176	1.786046562950042	2.072316542003969	2.610435442302034
0.001399520	346.0	0	1.1339175908211614	1.543771891215123	1.7958576748291977	2.0830226371448477	2.624176465187695
0.001399520	347.0	0	1.140867801685369	1.553319212068945	1.8055434621136701	2.0939731418573766	2.6379210567228752
0.001399520	348.0	0	1.1478466198727264	1.563368722399814	1.8146264201908882	2.105320867176029	2.651673083966729
0.001399520	349.0	0	1.1548642443915427	1.5722386628319174	1.8236977790338564	2.1174770649969794	2.665440654385644
0.001399520	350.0	0	1.1619320370190325	1.5808973952490977	1.8328368107851332	2.1293629056741517	2.6792407757063517
0.001399520	351.0	0	1.169058247512691	1.5902832372018927	1.8421338835552068	2.141280423009156	2.6931061944145327
0.001399520	352.0	0	1.176243727012733	1.599295923657381	1.8522512001458946	2.152525465883549	2.707086286205329
0.001399520	353.0	0	1.1834851456563469	1.6079580921285805	1.863781068673274	2.1633519763783147	2.721215099170872
0.001399520	354.0	0	1.1907908827378288	1.6164144972215542	1.874867121901651	2.1743809920974337	2.7354581226203964
0.001399520	355.0	0	1.1981943217105253	1.6252199250498751	1.8847905705525847	2.1855439419003804	2.749775209273288
0.001399520	356.0	0	1.2057113471642062	1.634362138348605	1.8948994020099095	2.1975295578225658	2.7641758884504566
0.001399520	357.0	0	1.2125219690991678	1.6435141306700438	1.905398674407917	2.209415229070883	2.77835722508298
0.001399520	358.0	0	1.2193106815695849	1.6526807905346337	1.9149381333403166	2.221283825555594	2.792435980184312
0.001399520	359.0	0	1.226167599752801	1.6618679597522377	1.926029141438085	2.2331336850865195	2.806502432656859
0.001399520	360.0	0	1.2323913259789148	1.6707965101147182	1.9376078492732036	2.244963605846421	2.8196562227034203
0.001399520	361.0	0	1.238427533097908	1.6794225703381707	1.948412840763024	2.2566228239461323	2.8319473243796685
0.001399520	362.0	0	1.2444520120745945	1.6880470792361264	1.9579291004141999	2.268200272670475	2.844214906416729
0.001399520	363.0	0	1.2504752738433615	1.6967125726500953	1.967089057094047	2.279605325670777	2.857572562991132
0.001399520	364.0	0	1.2573955481974397	1.7065303199631436	1.976674138064574	2.2903721905934056	2.8716418978821228
0.001399520	365.0	0	1.2646371165904584	1.7168138613339272	1.9862674509085894	2.30128906268701	2.887370901838849
0.001637910	0.0	0	0.001857357086287245	0.0029133059074242483	0.003765719801767692	0.005073808003242326	0.01036763321727734
0.001637910	1.0	0	0.002968662952894325	0.00466859339455976	0.006072083371328198	0.008171708079856559	0.01703722837020349
0.001637910	2.0	0	0.003664994588941895	0.005764933185086782	0.007527881257649133	0.010146680907641984	0.021318354542065827
0.001637910	3.0	0	0.004132142567124172	0.0065047265704372016	0.008509429341061324	0.011492629217035335	0.02430896072923717
0.001637910	4.0	0	0.004470443572890232	0.007021530744761646	0.009194655476793965	0.012401629179131218	0.026476612095770964
0.001637910	5.0	0	0.004778067366660237	0.0074203123603284295	0.009748610164371048	0.013179153601948821	0.028169048251390303
0.001637910	6.0	0	0.004982958337852668	0.007748221962257723	0.010243565570260408	0.013747062119592205	0.029577071256167337
0.001637910	7.0	0	0.005149568254880265	0.0080601096072615	0.010622435615173762	0.014319718481470173	0.03070760489660415
0.001637910	8.0	0	0.005314156268967018	0.008328819775363799	0.011015224505876439	0.01477456549784364	0.031735362942023865
0.001637910	9.0	0	0.005461482902115252	0.008609809942864153	0.011395421144968318	0.015307288051609354	0.03285141219013252
0.001637910	10.0	0	0.005610219604403345	0.008853197343448227	0.011766136400953048	0.015689637897072728	0.03391489386043931
0.001637910	11.0	0	0.005763259253190489	0.00916629926522527	0.012053549068565185	0.016159261301404305	0.0348362358031352
0.001637910	12.0	0	0.005930796760318531	0.00936658420382659	0.012369633638552022	0.01666379958924909	0.03575391812082086
0.001637910	13.0	0	0.006073892899431989	0.009637868234362548	0.012738544198613987	0.017186827709589812	0.0367286077125252
0.001637910	14.0	0	0.0061769228736286395	0.009876342574140624	0.01315674155132788	0.01766719123485806	0.0373515384538671
0.001637910	15.0	0	0.0062976094089414285	0.010121844524007738	0.013497658806567727	0.018221652985607434	0.038132513931639876
0.001637910	16.0	0	0.006525589654976863	0.010388832531194884	0.013959961300505986	0.018746704701666853	0.038884418743631875
0.001637910	17.0	0	0.006623118342618158	0.010613172223973445	0.014425701204421756	0.019409951852937632	0.039612534317539035
0.001637910	18.0	0	0.006750053948946379	0.01092830141919737	0.014800304993362462	0.01993898314240293	0.04049718249550177
0.001637910	19.0	0	0.006951360412295201	0.011264849531793792	0.01525973184150289	0.020584305125712358	0.041399201875121194
0.001637910	20.0	0	0.0070691298068380135	0.011579717000869818	0.01578469538776018	0.021207142891695716	0.04236786501384381
0.001637910	21.0	0	0.007304380092597714	0.01194987774015906	0.01645138679929295	0.021848073181260946	0.04341152503768682
0.001637910	22.0	0	0.007558458976302271	0.012392716259987413	0.016983909476014723	0.02265862194748251	0.04435011867847207
0.001637910	23.0	0	0.007740140165401891	0.012880496027837756	0.017508243868920283	0.023482219028450057	0.045325751201685964
0.001637910	24.0	0	0.007843214925702323	0.01332106841015133	0.018204210634746434	0.024210059477305056	0.04625873245013698
0.001637910	25.0	0	0.008058148501185058	0.013746427265130444	0.018861807363131144	0.024921748336654143	0.04719064397084957
0.001637910	26.0	0	0.008245104231527816	0.014184834922121189	0.01950229132702349	0.02600429783663885	0.04780797546633172
0.001637910	27.0	0	0.008404498009972491	0.014691236298957806	0.020189953854582072	0.026974684867309258	0.04949946393493266
0.001637910	28.0	0	0.008481958947452482	0.01526278725141627	0.020857371927141866	0.02788774720753594	0.05129796820661106
0.001637910	29.0	0	0.008635877177925837	0.015829426928559702	0.021544064867135657	0.028804168024239057	0.0524353805277766
0.001637910	30.0	0	0.008957153475517492	0.01645193319106006	0.022343514292623705	0.02970217613177498	0.05328107025769841
0.001637910	31.0	0	0.009089196528466409	0.017109555942014774	0.02322329390452548	0.03093756962026524	0.05424884265548754
0.001637910	32.0	0	0.009191105120240992	0.017738501597619534	0.02425610795424266	0.03207660531318553	0.05595893648407069
0.001637910	33.0	0	0.009326687676627839	0.01838497546718653	0.025249035155630976	0.033346239657239964	0.056955739727046956
0.001637910	34.0	0	0.009552036717143272	0.019052996918883583	0.026247984501942344	0.03470592844923716	0.05954008575505214
0.001637910	35.0	0	0.009800324348878352	0.019755772285637532	0.02721829329258857	0.03604327320224503	0.060935422495801035
0.001637910	36.0	0	0.010105422052501213	0.020564967584370684	0.028251797587920527	0.03759083509043544	0.06236820535301401
0.001637910	37.0	0	0.010517092179230992	0.021454474443509973	0.029252239491934645	0.03882361477566606	0.06397793469085995
0.001637910	38.0	0	0.01092041965486412	0.02237586615313668	0.030370022799973508	0.04054703330596791	0.06587996105171695
0.001637910	39.0	0	0.011015601071137032	0.023381808407683228	0.03164974491025789	0.04224833506982825	0.06822081501449355
0.001637910	40.0	0	0.01110244571330405	0.02434739876393286	0.03272273597092569	0.04383611378317263	0.0699742555102293
0.001637910	41.0	0	0.011557901497465108	0.025405506351809104	0.03383546945011355	0.045547092547267326	0.0720595027382925
0.001637910	42.0	0	0.011847602363278122	0.026256900188753655	0.035044266591460205	0.047116600059608355	0.07404415455248306
0.001637910	43.0	0	0.012307403076825684	0.027441171444012386	0.03641579224481289	0.04879002101547003	0.0762060221715758
0.001637910	44.0	0	0.012808397694656895	0.028537188523648147	0.0375028630532739	0.05026987260697229	0.07821332070105136
0.001637910	45.0	0	0.013352122408123834	0.02960800404468962	0.03894566540175948	0.05212708826601035	0.08057640138090286
0.001637910	46.0	0	0.013984113053397933	0.030609849887549598	0.04032076037499487	0.053949764895403624	0.08321867874557907
0.001637910	47.0	0	0.014791336348023876	0.031794770271848856	0.041628120964794284	0.055888852009896954	0.08566607618108293
0.001637910	48.0	0	0.015603549116812315	0.03321096453874037	0.0431701729349108	0.05761456959226796	0.08858130665555602
0.001637910	49.0	0	0.016281723400263667	0.034493490482149086	0.04489930084815777	0.05962749423411075	0.09115185884295814
0.001637910	50.0	0	0.016996093724219404	0.03557053561219699	0.046581013935145146	0.06164177937207824	0.09319291034439751
0.001637910	51.0	0	0.017785742940069963	0.0366988909173995	0.04825528486051324	0.06388675377769895	0.09534764745316877
0.001637910	52.0	0	0.018467811124088983	0.03820229700564893	0.05005187269706972	0.06599073874833404	0.09810003208867897
0.001637910	53.0	0	0.019517435444555694	0.03938351936922971	0.05182366125584945	0.06838443401101335	0.10035306215585632
0.001637910	54.0	0	0.02023790538347768	0.04072316841762226	0.05358760296021506	0.07035704836738683	0.10377463500420046
0.001637910	55.0	0	0.02086607906873679	0.04217589205281691	0.05529653448856041	0.072587914297806	0.10739331626546672
0.001637910	56.0	0	0.02156017832540148	0.0435023195903583	0.05705072367737126	0.07486665820897145	0.11056509492790702
0.001637910	57.0	0	0.02188259042360687	0.044933214471032865	0.05898935793625669	0.07721459675469672	0.1137000079488363
0.001637910	58.0	0	0.022470147113664313	0.04622500350603834	0.06098712961897674	0.07922295159649059	0.11749259695947693
0.001637910	59.0	0	0.023283645564842772	0.047681566100208676	0.06317284603451813	0.08158384497173558	0.1217546487854596
0.001637910	60.0	0	0.024458249195340852	0.049150046602656684	0.06549848424313791	0.08418730851724371	0.12587561404395842
0.001637910	61.0	0	0.024947833317439914	0.05050817850145503	0.06763295421329724	0.08669607072038145	0.13052977091895795
0.001637910	62.0	0	0.0260154703281716	0.05213637950426027	0.06955075539241312	0.08972156944870435	0.13456727935774093
0.001637910	63.0	0	0.027429627570375394	0.05364200822167659	0.07168354370401428	0.09238171502028991	0.13860989199636936
0.001637910	64.0	0	0.028510953367888402	0.05526827662243073	0.07370223630106099	0.09520763674598723	0.14198145845808294
0.001637910	65.0	0	0.029777714809921845	0.05700153358978996	0.07570177304919905	0.09775143230342012	0.14570813239339317
0.001637910	66.0	0	0.03027251967950871	0.058688823846112494	0.07790424000555515	0.10002236751820955	0.1495910328549996
0.001637910	67.0	0	0.030756076450666203	0.060404890335210085	0.08030605714433267	0.10262024311437885	0.15376144745713763
0.001637910	68.0	0	0.03155129432446388	0.06219531318201849	0.08260592367591554	0.10545508238361752	0.15830353541112369
0.001637910	69.0	0	0.03280444361653104	0.06400433081957901	0.08505468242533577	0.10807618713329084	0.16242231357405537
0.001637910	70.0	0	0.03394271186467401	0.06581801269908451	0.08742191814686874	0.11103306370874805	0.16692130029796248
0.001637910	71.0	0	0.035529793765592226	0.06771789626009886	0.08990338017459713	0.11396449419844544	0.17139149181742092
0.001637910	72.0	0	0.03633901790010059	0.06965607349113608	0.09253149518405343	0.11689715877596274	0.1757471969053605
0.001637910	73.0	0	0.03689355411655966	0.07173155005565374	0.09544753495114762	0.12014751917811466	0.18039121279084125
0.001637910	74.0	0	0.03804543991035724	0.07361993762346403	0.09811870992114222	0.12332714462234659	0.18439337925275134
0.001637910	75.0	0	0.039455339530046464	0.07574359192235906	0.10077967109129932	0.12633543029883584	0.18840858716596035
0.001637910	76.0	0	0.04093224491795726	0.07767715083606697	0.10356706558654301	0.12949247062363164	0.19173166882409096
0.001637910	77.0	0	0.04186957048003542	0.0797297419187247	0.10613116904366286	0.13244397056829987	0.19496342498006441
0.001637910	78.0	0	0.043737460035948396	0.08202203376730532	0.10875476482007548	0.13580936008871242	0.19828778394381447
0.001637910	79.0	0	0.045283804755516556	0.0842127608116932	0.11141132197850712	0.13901319061295764	0.20226157055339178
0.001637910	80.0	0	0.04678014237722578	0.08640849270878592	0.11372890717565955	0.14224857338893995	0.20795701859469876
0.001637910	81.0	0	0.04791160282260013	0.08878774585773899	0.11623732946715218	0.14535334296613825	0.21416375612493768
0.001637910	82.0	0	0.048614588714849125	0.09121361572498156	0.11881984781623652	0.14889250929854606	0.21907850832475423
0.001637910	83.0	0	0.04964348853158059	0.09370335220749713	0.12186459420564288	0.15268638972502413	0.22387479173890493
0.001637910	84.0	0	0.051209566788335326	0.0963806216284926	0.12450714805007519	0.15682334762611588	0.22879868335392337
0.001637910	85.0	0	0.05336468908332883	0.09847160202986202	0.1268736276725315	0.160330178944831	0.23381276597921288
0.001637910	86.0	0	0.05514881029140829	0.10084238370611079	0.13055924960086598	0.164188432301189	0.23895753952212917
0.001637910	87.0	0	0.05653419812335639	0.10298700822279414	0.13328615231173077	0.16792275794467418	0.24421045150569326
0.001637910	88.0	0	0.0579355323386246	0.10581842510060266	0.13604270860933246	0.17150948338145336	0.24955491136675695
0.001637910	89.0	0	0.05907402076296697	0.10835436535532557	0.13894621705120547	0.17506026626057053	0.25497195853732985
0.001637910	90.0	0	0.06082255656238138	0.1110269435139981	0.14200540363910824	0.17904141856575412	0.2604271858858229
0.001637910	91.0	0	0.06224577830516749	0.113339270478556	0.14550033122875008	0.1829852802359998	0.2658809188090194
0.001637910	92.0	0	0.06326200055028121	0.11633567923150784	0.14871370548848298	0.1871258794051694	0.2713224599479934
0.001637910	93.0	0	0.0649233848294471	0.11920877232664923	0.1523509244743096	0.19057903344116026	0.27674453424830836
0.001637910	94.0	0	0.06622572469463323	0.12160585143674668	0.15571056370442454	0.1947623413896802	0.282126998109829
0.001637910	95.0	0	0.06843183065206364	0.12426548008819102	0.15906679640842036	0.19882994905871101	0.2874686009883783
0.001637910	96.0	0	0.06987227879017659	0.12688301185562748	0.16233665242571854	0.20324402457367058	0.29276795474808653
0.001637910	97.0	0	0.07166564568433176	0.12945176065837413	0.1658422301188528	0.20748915682868796	0.2984888037810884
0.001637910	98.0	0	0.07359837316723251	0.13203399604866675	0.16944433764348696	0.21138651863736635	0.304929993710868
0.001637910	99.0	0	0.07560541065591876	0.13474105827566304	0.173094692715758	0.2151765308114323	0.3114988425774369
0.001637910	100.0	0	0.07770184361735595	0.1378975048358574	0.17636019797678526	0.218914921156179	0.3179820470683155
0.001637910	101.0	0	0.07942061878622726	0.14099007176885708	0.1799757748285678	0.2228167321329711	0.323454998403053
0.001637910	102.0	0	0.0804002456997783	0.14406181328959078	0.18399075526810907	0.2274142744706949	0.32849376386481755
0.001637910	103.0	0	0.08256726754840785	0.14735671162074335	0.18742965855065524	0.23197257802229931	0.33491195942597857
0.001637910	104.0	0	0.08485487724636055	0.1504909592455237	0.19104434675680407	0.23658956055019348	0.34158066698043227
0.001637910	105.0	0	0.08669391383570753	0.15365181608083334	0.19490071676137752	0.24151221034013387	0.3478036448508016
0.001637910	106.0	0	0.08829904452722115	0.1566090526403333	0.19833018664014979	0.24648788104839162	0.3539073859160864
0.001637910	107.0	0	0.0901397440284505	0.15949996965893232	0.20266267300738067	0.25063206184869596	0.36005505726866155
0.001637910	108.0	0	0.09188085245209554	0.16280053896055524	0.20701941947030145	0.25510364556468895	0.366195266841787
0.001637910	109.0	0	0.09370254122213736	0.16581420160545043	0.2107512849131981	0.25963201252690754	0.372304220042034
0.001637910	110.0	0	0.09580094788127451	0.16919008192258755	0.21467749989285415	0.26437718171581454	0.3783793983399967
0.001637910	111.0	0	0.0984052233766315	0.17301525898387612	0.21880712428294893	0.26903989976561543	0.38443185453075435
0.001637910	112.0	0	0.10080616143352909	0.17613754078278632	0.2233250102935891	0.27329195435729037	0.3904739994377166
0.001637910	113.0	0	0.10329993986191272	0.17998164830711233	0.22713935313364358	0.27847375504081606	0.3968357782308023
0.001637910	114.0	0	0.10522565062558029	0.18325766034011948	0.23136304949764167	0.2830253042053745	0.4031826159644969
0.001637910	115.0	0	0.1075919829458005	0.1864874153489082	0.2358323783105602	0.28768047299112487	0.4095265203678321
0.001637910	116.0	0	0.10999093273383868	0.1896209382418253	0.24023039498988127	0.2924599461408549	0.4156106929800934
0.001637910	117.0	0	0.11226538298651151	0.19299536820675245	0.24425512841186986	0.29778070185672084	0.42117481193805234
0.001637910	118.0	0	0.11430673538134097	0.19624284017190943	0.24790726361534382	0.30202870945853766	0.4282149477428358
0.001637910	119.0	0	0.11640456289517072	0.19977668108126193	0.2517350821416259	0.30677491008922053	0.4352689909420864
0.001637910	120.0	0	0.11842519747920151	0.20360447991542777	0.25571369606667227	0.31147362187724936	0.4411089844619632
0.001637910	121.0	0	0.12066008463234527	0.20693625224145995	0.25951991339056435	0.3159548491412295	0.44853405472577856
0.001637910	122.0	0	0.12279758667969533	0.2104564075775081	0.263615420090931	0.3208780021469435	0.4564310804289983
0.001637910	123.0	0	0.1249354723647639	0.21351721817430383	0.268275123993194	0.32586601302147233	0.46332692241438045
0.001637910	124.0	0	0.1270739100042208	0.21659141868051268	0.2731805628611681	0.3306005879129466	0.4695423970667019
0.001637910	125.0	0	0.12921332059301172	0.21989920456848017	0.27758466023153516	0.33541300883998504	0.47587267772481545
0.001637910	126.0	0	0.13135424709263596	0.2235791007715898	0.28202964028390265	0.34098926194501955	0.4832223384161075
0.001637910	127.0	0	0.13368542665105776	0.22747440340207842	0.2862919290978508	0.34642633574895215	0.49051610889389574
0.001637910	128.0	0	0.13739418090246772	0.23130558183825597	0.2907906864232247	0.3513824883866396	0.49775950056867946
0.001637910	129.0	0	0.14136241156837132	0.23568289604624176	0.2947535665293796	0.3562933359610616	0.5052627385828015
0.001637910	130.0	0	0.14389408788106972	0.23948776186717663	0.299590124784432	0.3616406735984355	0.5134197374288401
0.001637910	131.0	0	0.14642752593878533	0.24373722961395827	0.30435984060213184	0.36760706950798794	0.520800392580826
0.001637910	132.0	0	0.14896066522923984	0.24750932175461102	0.30878488991203695	0.3728787281929544	0.5281995508284181
0.001637910	133.0	0	0.15149337259798623	0.2515907006434876	0.31298524956798185	0.37865559758372586	0.5351931619786437
0.001637910	134.0	0	0.15412546994547976	0.255785578292967	0.3178699854116177	0.38531602686544747	0.5420421473232357
0.001637910	135.0	0	0.1572516060098202	0.259830388815393	0.32296831343024013	0.3916444750181389	0.5488625299862757
0.001637910	136.0	0	0.15965048548022953	0.2641107741761103	0.327968809349666	0.3976917108106091	0.5554548920855084
0.001637910	137.0	0	0.16214747703198445	0.26770603863566406	0.33242301321963263	0.40375382372830726	0.562032313805027
0.001637910	138.0	0	0.16533063375876283	0.27147620908004994	0.33700071208075855	0.4092668245493686	0.5685999735038743
0.001637910	139.0	0	0.16868235533741988	0.2749776412215388	0.3415858345742852	0.41417637990222345	0.5751661138277939
0.001637910	140.0	0	0.1720407570290411	0.2786929706178799	0.3466091994461331	0.41881935880079024	0.5818826868626356
0.001637910	141.0	0	0.1754090776126417	0.28260353979345265	0.35187941764093383	0.4237307279653766	0.5898367344788686
0.001637910	142.0	0	0.1785498654280656	0.28676623409110763	0.3565394715057125	0.42911547549223517	0.5977632635272524
0.001637910	143.0	0	0.18219189154806695	0.2914485490505424	0.3615881928303683	0.4346698635284839	0.6056103371747912
0.001637910	144.0	0	0.18561695969956482	0.2963770365038868	0.3664181322992953	0.4406009424747261	0.6133829941510867
0.001637910	145.0	0	0.18924343608607958	0.3011885400641119	0.37133840640172666	0.4476034174008527	0.6228008620862375
0.001637910	146.0	0	0.1935377543063466	0.3060280376135012	0.3765210693714277	0.45388602868016265	0.630249171718679
0.001637910	147.0	0	0.19673630099129347	0.31061649685213855	0.38273179004596936	0.4594895742144258	0.6384688813808432
0.001637910	148.0	0	0.20054983078660332	0.3145407894225252	0.387927533365696	0.465122733443225	0.645587321218511
0.001637910	149.0	0	0.20412068563660765	0.31833052683022467	0.3933357729622867	0.4707159894200723	0.6529974841089634
0.001637910	150.0	0	0.20687035101589563	0.3219460472884421	0.3986907575482648	0.47669929270282985	0.6607882848784784
0.001637910	151.0	0	0.21051774398705844	0.3257704811068077	0.4034211727820159	0.4826289197019287	0.6686843509363728
0.001637910	152.0	0	0.21416003771928221	0.33077289920111136	0.40825758379467025	0.4882123427950674	0.6766491186083264
0.001637910	153.0	0	0.21778013336920082	0.33608761808395177	0.41313583474943877	0.4943716571286753	0.6847123474455021
0.001637910	154.0	0	0.22140002190243477	0.34053785674380105	0.41803648664082016	0.5007777236192115	0.6929064204752862
0.001637910	155.0	0	0.22504226740846556	0.3454551576476449	0.42289717873473764	0.5079137248408121	0.700549417753978
0.001637910	156.0	0	0.2286902492191774	0.3506399673783185	0.4285422272970406	0.5149876468884153	0.7078016924733641
0.001637910	157.0	0	0.23234209395084016	0.35577677440225736	0.4339472231164806	0.521524515335291	0.7150500364542263
0.001637910	158.0	0	0.23600119864273716	0.3615868902452561	0.4397017721119598	0.5280149783724389	0.7230257230795659
0.001637910	159.0	0	0.23967589122317878	0.36621975252753647	0.4456386798701695	0.5343404220493105	0.7315704152589033
0.001637910	160.0	0	0.24338357886132195	0.3708129214803312	0.45159540179666435	0.5407023699645926	0.7402201440435623
0.001637910	161.0	0	0.24715409170253594	0.3749658242421868	0.4575419521666542	0.5474351857275686	0.7499478350550467
0.001637910	162.0	0	0.25101745536159886	0.3798470620780998	0.46339597379376196	0.5544044406688321	0.7600815261605548
0.001637910	163.0	0	0.25351880593216913	0.38488565903960975	0.46939408581462616	0.5619709530718396	0.7689988027331933
0.001637910	164.0	0	0.2563585919229304	0.3896818259908339	0.4753475133047515	0.5688209572108239	0.7773742847278545
0.001637910	165.0	0	0.2601831478929653	0.3945735676434715	0.4813078439207563	0.5754048915702719	0.7861816574974885
0.001637910	166.0	0	0.2640286819338966	0.400152359045308	0.48703141683152995	0.5826012124432327	0.7945035892780513
0.001637910	167.0	0	0.26790821131480125	0.40490531806301144	0.49272540316025576	0.5896643304283372	0.8027091204035806
0.001637910	168.0	0	0.27181430661643824	0.4101635857818876	0.49823471826186383	0.5970129390383494	0.8109284294567836
0.001637910	169.0	0	0.27572183313204973	0.4151169190699995	0.5037852122289598	0.6037328890561302	0.8197717638758873
0.001637910	170.0	0	0.2793934380848196	0.41979813962525264	0.5097990158097514	0.6105563353561758	0.8288794985759438
0.001637910	171.0	0	0.282923517344841	0.42446749485129476	0.5159813362291885	0.6172764621753639	0.8380701004515401
0.001637910	172.0	0	0.28645783728823676	0.42926199337353904	0.5220858884359127	0.6238435956787708	0.8465532075791503
0.001637910	173.0	0	0.2903895762729452	0.43432395233796856	0.527467703793103	0.6311394952536423	0.8544601435066596
0.001637910	174.0	0	0.2949347253790863	0.44013982122475803	0.5331157316629073	0.6379189469182702	0.8643354158240362
0.001637910	175.0	0	0.2994719666990112	0.44578247493164674	0.5395950103833366	0.6438836669533077	0.8734154819884388
0.001637910	176.0	0	0.3039830693284973	0.4514059140418206	0.5458972693605859	0.6508377587857515	0.8823188633826183
0.001637910	177.0	0	0.30850612159280194	0.4570579276386514	0.5527268821266926	0.6578003434982305	0.8911877091011552
0.001637910	178.0	0	0.31305242416313345	0.4630098143380822	0.5591580569337186	0.6645294093122435	0.9000677343533767
0.001637910	179.0	0	0.31763931587506045	0.4683938215339589	0.564713958809903	0.6722103453030587	0.9089535849142669
0.001637910	180.0	0	0.3222935807436537	0.4739311250935384	0.5704086347610924	0.6792686297756533	0.9178459320604195
0.001637910	181.0	0	0.32621991876906653	0.4796992887689888	0.577140582935115	0.6870135818908182	0.9267326710042694
0.001637910	182.0	0	0.3300985017482473	0.4850306724453697	0.5831152203413987	0.6947728934301115	0.9356066418553436
0.001637910	183.0	0	0.333978443366504	0.4902292968361273	0.5902993151646443	0.7020823005779959	0.9445446736208167
0.001637910	184.0	0	0.3378602544587599	0.49596795367393526	0.5965559398684448	0.7095524936421611	0.9535746837323261
0.001637910	185.0	0	0.341744576194785	0.5016414480452515	0.6026176604269025	0.717515931967636	0.9627326620058778
0.001637910	186.0	0	0.3456322123220312	0.5077664516426998	0.6095262839169793	0.7255161342129891	0.9720541956877655
0.001637910	187.0	0	0.3494998018202188	0.513346828553445	0.616407389657336	0.7329715171283114	0.9815503792080735
0.001637910	188.0	0	0.352631605388804	0.519806435090643	0.6229831818001015	0.7403475370636089	0.9911138351005737
0.001637910	189.0	0	0.35577771242813505	0.5258915106176931	0.628683006750409	0.7481802096288884	1.0006645099046325
0.001637910	190.0	0	0.35904700629701053	0.5314670451704913	0.635397501827605	0.7559105213856722	1.010181622934071
0.001637910	191.0	0	0.36320813477198394	0.537221533273039	0.6427135150039031	0.762987546553464	1.0196503920834907
0.001637910	192.0	0	0.36800619346950736	0.5424751903543206	0.6491550118911906	0.770792086427161	1.0290647161869795
0.001637910	193.0	0	0.37305481650574485	0.5485213395622588	0.6556257033690767	0.7784919779563352	1.038412141113943
0.001637910	194.0	0	0.3771737152664108	0.5548953961348523	0.6620543466496511	0.7866032115470716	1.047723118339022
0.001637910	195.0	0	0.38107694606025083	0.5611899373010392	0.6682798443171816	0.794867723088339	1.057003922531081
0.001637910	196.0	0	0.3848264972854554	0.567939843119169	0.6755661786507424	0.8020890729065504	1.0662605108096175
0.001637910	197.0	0	0.38921773588636244	0.5739886329263155	0.6820406182853301	0.8092734165800584	1.0755035779657527
0.001637910	198.0	0	0.39363073179996	0.5805973371105818	0.6885834699936315	0.8171151006510698	1.0847325010008342
0.001637910	199.0	0	0.3982822691860961	0.5872693044139743	0.6955930580464559	0.8249379491376245	1.0942045794846118
0.001637910	200.0	0	0.4033040816972596	0.5939703221376678	0.7022505278988291	0.8328478181347869	1.104211216553579
0.001637910	201.0	0	0.40863386354262327	0.6004045728390643	0.7092874683993218	0.8408109405150506	1.1143989465767086
0.001637910	202.0	0	0.41393717648897815	0.6065585428860465	0.7168056781363913	0.8490144327734594	1.1246837565401593
0.001637910	203.0	0	0.4190935921882766	0.6125103664688465	0.7233057851504232	0.8570288668927957	1.1350156499357638
0.001637910	204.0	0	0.4241998155573828	0.6183765552505534	0.7304031929623316	0.8650372147690011	1.1454554546230884
0.001637910	205.0	0	0.4293447985686249	0.6244801556502442	0.7374334714757085	0.8731039473796687	1.1560779385846403
0.001637910	206.0	0	0.43458518760544557	0.6304845143083138	0.7443786328457687	0.8811465710839799	1.1668050188961248
0.001637910	207.0	0	0.4397582707232626	0.6366130409418131	0.7513779491303144	0.8891920912798656	1.1775445574232286
0.001637910	208.0	0	0.4459470408676027	0.6426869315122168	0.758382897924402	0.8971880615837321	1.188223267808897
0.001637910	209.0	0	0.45071297520021153	0.648370191266008	0.7655866583529047	0.9053003800255198	1.19883116322522
0.001637910	210.0	0	0.45557264314602525	0.6551246035459489	0.7734319046435252	0.9135472105906662	1.2093901871735078
0.001637910	211.0	0	0.4598524159007513	0.6620602514259067	0.7813626576357425	0.9212066311024723	1.21997029518533
0.001637910	212.0	0	0.46391075722351427	0.6684394744149112	0.7886249069799031	0.9289926309490074	1.2300520972657938
0.001637910	213.0	0	0.46798350092917684	0.6746757574575606	0.7960766283833138	0.9371016240910433	1.2398425727057358
0.001637910	214.0	0	0.4721177896752115	0.6807230736612846	0.80298053850386	0.9452250875333648	1.2497244794514162
0.001637910	215.0	0	0.477352936292536	0.686955271770862	0.8103999426121041	0.9540120571405046	1.259697397487868
0.001637910	216.0	0	0.482568182253847	0.6937153826132603	0.8172709388294148	0.9629548179458782	1.2697015087800985
0.001637910	217.0	0	0.48775995961468765	0.7002394234378623	0.8256077888290598	0.9717939892365958	1.2797063021052488
0.001637910	218.0	0	0.49292734602275906	0.7068765979206814	0.8337220738506755	0.9808085099966618	1.2897093158213437
0.001637910	219.0	0	0.4980783842704866	0.7138725610488872	0.8414494435491028	0.9899291039358935	1.2997114890712758
0.001637910	220.0	0	0.5032517150306045	0.7209413033211896	0.8492653941031416	0.9982215561226282	1.3097174900545365
0.001637910	221.0	0	0.5084254039382295	0.7272151432309488	0.8569925975568218	1.0062393124829803	1.3226818968215603
0.001637910	222.0	0	0.5135993870869129	0.7350484927568226	0.8643952680957763	1.0146136541111725	1.3360051067376117
0.001637910	223.0	0	0.5187738338869298	0.742354889544716	0.8724166313397239	1.0237340044525647	1.3494015457979807
0.001637910	224.0	0	0.5239486348606565	0.7489969697376634	0.8806697590806296	1.0332682678417948	1.362892648093225
0.001637910	225.0	0	0.5291217085581009	0.7557690343826059	0.888021581538621	1.0420963118697357	1.3755316716389496
0.001637910	226.0	0	0.534295408738555	0.7623604743455866	0.8960558624406506	1.0507579152090458	1.3864962640903888
0.001637910	227.0	0	0.5394821741323328	0.769628010464134	0.9035669384687349	1.058720205458994	1.3974134561338352
0.001637910	228.0	0	0.5447008242074436	0.7771990455178553	0.911600225043202	1.067373311968749	1.4083035984207735
0.001637910	229.0	0	0.5489092203729682	0.7841396422429588	0.9193898436364678	1.0763169004363213	1.4191876096710472
0.001637910	230.0	0	0.5546125562740963	0.7903828277470111	0.9278977391095726	1.085149170308661	1.4298922770819242
0.001637910	231.0	0	0.56057822748731	0.796947799812942	0.935563951178108	1.093984203079541	1.4398234141957424
0.001637910	232.0	0	0.5663384808747031	0.8037765722811961	0.9432516134015414	1.1028429389800893	1.4497221409149368
0.001637910	233.0	0	0.5718888613393505	0.8100558736692651	0.9514829643938769	1.111852422191457	1.4595916050162152
0.001637910	234.0	0	0.5774980905619775	0.8168646597480347	0.9590244394177859	1.1207564040371314	1.469435058265909
0.001637910	235.0	0	0.5829996688172239	0.8247879850652748	0.9670392530844241	1.1306746615342322	1.479255766598199
0.001637910	236.0	0	0.5874377243998414	0.8326527995952978	0.9757456994517393	1.1409568510358339	1.4890749426420202
0.001637910	237.0	0	0.5918731331738373	0.8391282540931667	0.9845285515851606	1.1506702433031681	1.499813660575558
0.001637910	238.0	0	0.5968177708511039	0.8458694925909624	0.9934207766543351	1.159597246731882	1.511129386191197
0.001637910	239.0	0	0.6021175777500879	0.8530229675432051	1.0022084920103471	1.1680281926834744	1.522447413941621
0.001637910	240.0	0	0.6083340773170909	0.8603488730047391	1.0110944932272001	1.177274266578347	1.533771694420736
0.001637910	241.0	0	0.6145835220827476	0.8671559529051004	1.0204879431166947	1.1865888331334293	1.5451103481706174
0.001637910	242.0	0	0.6209003447008891	0.8743698379489175	1.0298331004414347	1.196254017048262	1.556479304955079
0.001637910	243.0	0	0.6273065980511183	0.8809431156123197	1.0380601330115722	1.206622680109997	1.568788365206789
0.001637910	244.0	0	0.6338213765810278	0.8884099610548175	1.0466368091102871	1.2166190337327358	1.5815301398611223
0.001637910	245.0	0	0.6404229676269528	0.8959952085019426	1.0549729692556111	1.226597396475328	1.5929284464172166
0.001637910	246.0	0	0.6470849763707689	0.9031009601076458	1.0639236843382112	1.2364823336148185	1.6037820871961892
0.001637910	247.0	0	0.6538208224777351	0.9103481804843823	1.0725881402903554	1.2464751648589503	1.6154042870451564
0.001637910	248.0	0	0.6597046235884246	0.9184085693566948	1.0798847898157882	1.2564081173454655	1.627386785590409
0.001637910	249.0	0	0.6653830933806166	0.926347927227245	1.088048787636049	1.2651156024291057	1.63937230758984
0.001637910	250.0	0	0.6710606778226272	0.9332540640755123	1.0962724470239844	1.2732134901030217	1.6513636232065065
0.001637910	251.0	0	0.6767394906561714	0.9407953676872813	1.1053460479664237	1.2828408232309467	1.6633667362666378
0.001637910	252.0	0	0.682422992502838	0.9501480152737817	1.1147108546887945	1.2935219326631042	1.6753932789253052
0.001637910	253.0	0	0.6881319539469168	0.9587204091163206	1.123204926804394	1.3040794971347767	1.6874637290884387
0.001637910	254.0	0	0.6938797341664108	0.9656159532320393	1.131767884966119	1.3133250210470873	1.6996079007620857
0.001637910	255.0	0	0.7006521128914329	0.9725651437362585	1.139780361309787	1.3238029192953724	1.7118516333203437
0.001637910	256.0	0	0.708248770687033	0.9798083141380554	1.1477353883402561	1.333931654731161	1.7241830841569765
0.001637910	257.0	0	0.7158465788357666	0.9875556053284602	1.1564192214253448	1.3440029255044192	1.7365498871491112
0.001637910	258.0	0	0.7226065052928056	0.9950952389594142	1.1655438469280526	1.3539858719243991	1.7489230560325926
0.001637910	259.0	0	0.7285829083519081	1.0028005607014114	1.1749575649049202	1.3639716895952256	1.7613018559607363
0.001637910	260.0	0	0.7346043403077378	1.01133520004348	1.184002931932836	1.373699289243319	1.7736895453127512
0.001637910	261.0	0	0.7406722781828902	1.0198932019457834	1.1931496934833041	1.3834095161263775	1.7860910738834697
0.001637910	262.0	0	0.7461704490187446	1.0276116978238694	1.202620571043361	1.3934142516158947	1.7985136911492368
0.001637910	263.0	0	0.7515122664953799	1.0358643414912119	1.2112350756889523	1.4036333841986879	1.8109675699131027
0.001637910	264.0	0	0.7578835932480783	1.0435167616561922	1.2194177167526234	1.4138501359744347	1.823465519197395
0.001637910	265.0	0	0.7651959957917057	1.051950991829153	1.2280049382351717	1.4240489426529312	1.8360211972187535
0.001637910	266.0	0	0.7713247239176256	1.060002946606867	1.2368754751919844	1.4339737756404365	1.8486443078431771
0.001637910	267.0	0	0.77745402548942	1.0678137767071674	1.2456848423421705	1.4439138090577863	1.8613333581394795
0.001637910	268.0	0	0.7835880533836311	1.0759653914233627	1.2547044774251828	1.453362725200277	1.8740714060825276
0.001637910	269.0	0	0.7897515459549079	1.0839333428948992	1.2644142596633845	1.4624729256458224	1.8868338266569833
0.001637910	270.0	0	0.7959181401931352	1.0917967979259104	1.2730141099898593	1.4728058271326923	1.8996055740040627
0.001637910	271.0	0	0.8020869169465193	1.1002994005516666	1.2813040405298506	1.4830674344118893	1.9123856451484587
0.001637910	272.0	0	0.8082664986349017	1.1091551454342294	1.2898286412850202	1.493617343541275	1.925179199933467
0.001637910	273.0	0	0.8144711868403693	1.117491199076887	1.2989215331536035	1.5043964428086527	1.9382066323614813
0.001637910	274.0	0	0.8223063452613434	1.1249169557108643	1.30870429359098	1.514608608324287	1.9513274546436887
0.001637910	275.0	0	0.8304907856553515	1.1323403645129126	1.3185638378899096	1.524648417069019	1.9644362913007438
0.001637910	276.0	0	0.8386558974894734	1.1407818063632025	1.3279890161858974	1.5350317500900146	1.9775693180093914
0.001637910	277.0	0	0.8468017441702868	1.149207978442066	1.3380803358829039	1.5453440231483422	1.9907662561340047
0.001637910	278.0	0	0.8549322744039234	1.1575991946258348	1.3474846210399214	1.5554158091216828	2.004041962334399
0.001637910	279.0	0	0.8630767828477288	1.1661078812786805	1.3573142012329766	1.5653017731618872	2.01737457770604
0.001637910	280.0	0	0.8712341301795313	1.17494696233076	1.3668602737873123	1.575713355950894	2.030735131669008
0.001637910	281.0	0	0.8769689139442433	1.1833318225676515	1.3757527590908876	1.5862335275121695	2.0441175844778074
0.001637910	282.0	0	0.8830649056171959	1.19132131713208	1.3852942745014234	1.5971331483365465	2.057531096721393
0.001637910	283.0	0	0.8920485651703626	1.1993616638811915	1.3943618959557773	1.6078813319046	2.0709863798426484
0.001637910	284.0	0	0.9004292187678041	1.2075335667928084	1.4030495218076124	1.6183199477465589	2.0844953513629596
0.001637910	285.0	0	0.9075065158055468	1.2162399442472616	1.4124703494694837	1.6277795818403837	2.098070329213295
0.001637910	286.0	0	0.9145782621318826	1.2240490265069923	1.4215674871367983	1.639563887515769	2.1117228234795706
0.001637910	287.0	0	0.9212026458830663	1.2324554665023628	1.4314470602560974	1.6495363698816532	2.1254623315571766
0.001637910	288.0	0	0.9269070746002275	1.2408833295491988	1.4403571742989678	1.661024617234702	2.1392959154646554
0.001637910	289.0	0	0.9326556272881005	1.2492854345899889	1.4493295343051047	1.6720067193736203	2.1532294892147146
0.001637910	290.0	0	0.9384775684725186	1.258051413756022	1.4586727916954043	1.6829433246028604	2.167272159721853
0.001637910	291.0	0	0.9443977074636112	1.2666276378776886	1.469198536935962	1.6938943378410976	2.1814371531372347
0.001637910	292.0	0	0.9509317235508513	1.2754645924186212	1.4787079625260924	1.7048677413051931	2.1957211491320643
0.001637910	293.0	0	0.9591921645659768	1.2838996070255901	1.4880128376864699	1.7156434343897795	2.209428502105749
0.001637910	294.0	0	0.9653528090554888	1.2928525453698603	1.4972382844070566	1.726463825676019	2.22222615747878
0.001637910	295.0	0	0.9715446043305789	1.3012326525243907	1.5064632979157921	1.7373580232374661	2.2350246629536294
0.001637910	296.0	0	0.9777329237809266	1.310028706384139	1.516466123677763	1.7494162511797526	2.2478282325234225
0.001637910	297.0	0	0.9848846511302319	1.3189734454494597	1.5267039387121093	1.7606915901505622	2.2606443917098202
0.001637910	298.0	0	0.9923506249036046	1.3281818097805613	1.5371825761161688	1.7721223841769125	2.2734857407837774
0.001637910	299.0	0	0.9998429659906811	1.3362923775288662	1.5472029557976095	1.7836034818704225	2.2863710988876305
0.001637910	300.0	0	1.0073388420420186	1.3451146869364596	1.5562751517301296	1.7957673576184872	2.2993374021622994
0.001637910	301.0	0	1.0148396932516746	1.353483662732963	1.5654400147797647	1.8086226975897675	2.3124312113359156
0.001637910	302.0	0	1.0223473195810557	1.3625191452890932	1.5759860523192293	1.8187609414721135	2.3256158774311717
0.001637910	303.0	0	1.029863948984468	1.3717099821367642	1.5872648605695372	1.830249903447327	2.3388767463278115
0.001637910	304.0	0	1.037500666735865	1.3814225970199372	1.5979774698785207	1.841432928842842	2.352209292770602
0.001637910	305.0	0	1.0454683323568073	1.3903532284773583	1.608020333158679	1.8520817589932845	2.36558484515182
0.001637910	306.0	0	1.0534514005831501	1.3996183501535893	1.6173195458369105	1.8632881395001846	2.378967642212058
0.001637910	307.0	0	1.0614586295680504	1.408862729718825	1.6266170483558913	1.8749972382167484	2.392338198534342
0.001637910	308.0	0	1.069504375003049	1.4182621337226937	1.6366327582902804	1.8867766040557363	2.406715258629291
0.001637910	309.0	0	1.0776100557693464	1.4277979331975343	1.6475038754442517	1.8986136664923505	2.421144272294383
0.001637910	310.0	0	1.085818515248903	1.4370454419408112	1.658466547249922	1.9094209927173773	2.435573144456243
0.001637910	311.0	0	1.0941556700636106	1.446344040075732	1.6695814681829548	1.9207056812776568	2.4500017712867166
0.001637910	312.0	0	1.1026631171355352	1.4549369934837872	1.6804948826227837	1.931476879056556	2.464430083375876
0.001637910	313.0	0	1.1113709024858647	1.463744135300715	1.691511123352257	1.9422763290124658	2.4788580163161233
0.001637910	314.0	0	1.1195015279717535	1.472203047370217	1.7017074633185478	1.9543080269336217	2.49328546307508
0.001637910	315.0	0	1.1271701607204543	1.4819186979188526	1.7113905248478267	1.9663741426290384	2.5077122388094137
0.001637910	316.0	0	1.134961782602713	1.4897951035894716	1.7210840958176137	1.9798345765844072	2.5221380898867576
0.001637910	317.0	0	1.1428056316072186	1.4977962761806252	1.7311388839636024	1.9931416384555531	2.53766326459174
0.001637910	318.0	0	1.150691172302828	1.5075135431733737	1.7418021880346504	2.0047395185946804	2.5543210961644016
0.001637910	319.0	0	1.1586559315868348	1.5174258812886727	1.7526827498118351	2.0170901546297473	2.571114440979084
0.001637910	320.0	0	1.1667445198569504	1.5280769298484067	1.763498822321759	2.029279140279082	2.588053466229013
0.001637910	321.0	0	1.1749504983849337	1.538814179645733	1.7751335796037793	2.0404872617721774	2.605131201421527
0.001637910	322.0	0	1.18318835409987	1.5496097209267932	1.786781348316254	2.052138972341442	2.622323609712849
0.001637910	323.0	0	1.191427180966448	1.561129783808986	1.7981793853690768	2.065320294312453	2.639588610721627
0.001637910	324.0	0	1.1996627667482809	1.5707066985478138	1.8083392763351052	2.076975995106879	2.656902435539572
0.001637910	325.0	0	1.2073088501414928	1.5803971461182553	1.8173751709179395	2.0882667586919283	2.6742729841203845
0.001637910	326.0	0	1.2147460328131718	1.5897291881693405	1.8289899455014504	2.0995161041007484	2.691710217075441
0.001637910	327.0	0	1.222265294495371	1.5991640732814743	1.839821825254206	2.112510464913087	2.7081237824488227
0.001637910	328.0	0	1.2298748482305648	1.6083657945922243	1.8509532993502797	2.12557020135649	2.722723895580904
0.001637910	329.0	0	1.2375402172963483	1.6170391530004782	1.8616019625071587	2.138372421363937	2.7373256241713326
0.001637910	330.0	0	1.2452149443865301	1.6261756402679213	1.8715380438913591	2.1508650049009312	2.7518746264817446
0.001637910	331.0	0	1.252889128798742	1.6355946028429367	1.8812745491405072	2.1634216021795587	2.7664119721197724
0.001637910	332.0	0	1.2605602183023874	1.6462200061414338	1.8911454443638145	2.175479043306234	2.7809597455791826
0.001637910	333.0	0	1.2682246797403276	1.657129600097267	1.9004380888913501	2.186968403448154	2.7955239361441833
0.001637910	334.0	0	1.2758902044982132	1.666752771800808	1.9101890731554834	2.199030722668682	2.8101127961866212
0.001637910	335.0	0	1.28355768061547	1.6762983720605966	1.9211843627167782	2.212300416990322	2.8247372243099114
0.001637910	336.0	0	1.291234469187483	1.686725911672712	1.9319944153346762	2.225568245338468	2.8394105853992277
0.001637910	337.0	0	1.2988731993525795	1.6963178094391258	1.9416156847830184	2.238783569928119	2.8541473137228586
0.001637910	338.0	0	1.3064379246644795	1.7059965747595667	1.9513244493918054	2.2523514020930007	2.8689601556461803
0.001637910	339.0	0	1.313951062212822	1.7150756237290221	1.9610568244783608	2.2657200595687996	2.8838550336537745
0.001637910	340.0	0	1.3214286568395262	1.7246738798981593	1.9710915519828727	2.277962791946175	2.898825186903367
0.001637910	341.0	0	1.328896078896229	1.734898656116624	1.9813667422375807	2.291545371974456	2.9138554688954215
0.001637910	342.0	0	1.3363689365834235	1.7438712587065972	1.9916599326580409	2.3056611525499986	2.928935833193744
0.001637910	343.0	0	1.344052628398291	1.753946476453625	2.0019825221788965	2.318470601022191	2.9440759573931583
0.001637910	344.0	0	1.3524521295710608	1.7636847565677412	2.0122341818090073	2.3309411708086576	2.959307028286156
0.001637910	345.0	0	1.3609115595969867	1.7742242342295427	2.0227745608206593	2.3444552502405345	2.9746379844905033
0.001637910	346.0	0	1.3694470362433075	1.7844341400759172	2.03369098402449	2.3575994123235775	2.9900704464871235
0.001637910	347.0	0	1.3780506476093763	1.7944092136426133	2.044002521209581	2.3701398146211385	3.0055748741195427
0.001637910	348.0	0	1.3866869042269112	1.8048500130437264	2.054962994394046	2.3821530778966125	3.0210958289363035
0.001637910	349.0	0	1.3953531069321572	1.8150500743426523	2.0660072857105076	2.3959545617031157	3.035897094191078
0.001637910	350.0	0	1.4039551579813843	1.8249116111180534	2.0770583643724443	2.4096525231593917	3.049429042065875
0.001637910	351.0	0	1.4115564838478125	1.8347814976860675	2.089084704462757	2.4225822684310434	3.0631011132220602
0.001637910	352.0	0	1.4196872982850548	1.8448733353643765	2.1016407393406613	2.4361541462213303	3.076902436301629
0.001637910	353.0	0	1.4296453159187534	1.8558021277428014	2.1137283572102525	2.4498763321712724	3.0924267506854832
0.001637910	354.0	0	1.4370458662068495	1.8669189674887114	2.124619718350901	2.463569381721891	3.1098435738692682
0.001637910	355.0	0	1.443749913967841	1.8772053786235796	2.135444815048932	2.477387453915271	3.127348138114933
0.001637910	356.0	0	1.4504697070744976	1.887311114735685	2.1467509331584935	2.4912996578516307	3.144936547917438
0.001637910	357.0	0	1.4584575878035249	1.8973977138675757	2.157858076910378	2.505051934067612	3.162570503068292
0.001637910	358.0	0	1.467578020623228	1.9075153799778048	2.1689598230890974	2.5168097410447863	3.17934965909261
0.001637910	359.0	0	1.4766962450113639	1.9171937172989892	2.180419248218596	2.5276859250126233	3.1938403696012156
0.001637910	360.0	0	1.4858110120314652	1.927200653538226	2.191211889075204	2.5405980975832616	3.2073281604353068
0.001637910	361.0	0	1.4949212914636347	1.938284293828688	2.201493905464393	2.5540034667670324	3.2208164263428496
0.001637910	362.0	0	1.504026594631349	1.948502578182735	2.212525426295197	2.567235275781018	3.234292911596756
0.001637910	363.0	0	1.513126803085109	1.958078605545033	2.2236405527739214	2.579835341883239	3.2477199843304247
0.001637910	364.0	0	1.5203851690698165	1.9677681344751248	2.2338542496838802	2.592404505056763	3.2611591878955024
0.001637910	365.0	0	1.5275352339913515	1.9776928778771057	2.2444630135734513	2.6055362798343715	3.274617381068933
0.001899030	0.0	0	0.0018834780006731168	0.0029174608755980058	0.0038029898824183924	0.005186604418973216	0.010636358718033954
0.001899030	1.0	0	0.0030128152886183435	0.004670445559032516	0.006106661840343754	0.008324529730203692	0.017427396550082463
0.001899030	2.0	0	0.0036925402312190984	0.005791461741355071	0.007535353651055633	0.010343755813172711	0.02178117235390649
0.001899030	3.0	0	0.004138878550615306	0.006570232271581131	0.008490933492067499	0.011621917814531363	0.024806324980570116
0.001899030	4.0	0	0.0045280673590851915	0.007102564976752201	0.009195217524372749	0.012501896025171641	0.027080029303458625
0.001899030	5.0	0	0.0047835957738807345	0.007521084767902068	0.009728702436877783	0.01334979857327084	0.028853564137086903
0.001899030	6.0	0	0.004974167790359211	0.007920548277733207	0.010193955994464838	0.01394254480045795	0.030331001562502884
0.001899030	7.0	0	0.0051249429180734	0.008235801534769358	0.010683664476469505	0.014544893150153658	0.03162579589367469
0.001899030	8.0	0	0.005250066569777616	0.008521730530249927	0.011095186006320163	0.015144321693606473	0.03263305259120627
0.001899030	9.0	0	0.005408272209552665	0.00883734249444827	0.011478309082035659	0.015621823789932739	0.03355891341343566
0.001899030	10.0	0	0.00555652634329053	0.009092546520167243	0.011867606898794784	0.016078532577240717	0.03442117592853981
0.001899030	11.0	0	0.005660308220733398	0.009325126574794599	0.012215563319140924	0.01658907315539016	0.03523122056022271
0.001899030	12.0	0	0.005776586842180746	0.00958424604464199	0.012605787529303823	0.01713478684966784	0.03599933681937539
0.001899030	13.0	0	0.005942410768004696	0.009819604847696577	0.013102725273614765	0.01765548910251773	0.03673036849533302
0.001899030	14.0	0	0.0060451660916681135	0.010134768045317488	0.013449516316347502	0.018282537320129348	0.03742794970663011
0.001899030	15.0	0	0.006187543901518094	0.010467090386458024	0.014012821706641915	0.018847460092465334	0.0380950271345778
0.001899030	16.0	0	0.006294464624764229	0.010748938864667002	0.014484288958184401	0.019345745220385874	0.03873416395479489
0.001899030	17.0	0	0.006467511054351041	0.011112999132819022	0.015083205084950604	0.02002070609602317	0.04091605208874879
0.001899030	18.0	0	0.006630570588532085	0.011508045881603137	0.01561519868544263	0.020710175718192038	0.04169680678961621
0.001899030	19.0	0	0.006886654466021318	0.011891556211849244	0.016113908518951718	0.021449978226007856	0.04224123511842483
0.001899030	20.0	0	0.0069834928388320255	0.012346772276993833	0.01665930179386774	0.022255040181957342	0.043908240470183435
0.001899030	21.0	0	0.007149793281919017	0.012829170809367279	0.017317720051977452	0.023232091438762124	0.04471898936141884
0.001899030	22.0	0	0.007277891516109677	0.01333516777574736	0.017957502630708035	0.024112045851291276	0.04550658152956143
0.001899030	23.0	0	0.007432233032671467	0.013833172649194748	0.018763933987225888	0.02510190079011484	0.04629750842517981
0.001899030	24.0	0	0.00765382762676998	0.014382122323001324	0.019534498655836063	0.02613679177080572	0.04703447366862419
0.001899030	25.0	0	0.0077304212182281815	0.014762327020531527	0.020220816413847563	0.02720459302118926	0.048109697401186945
0.001899030	26.0	0	0.007846965916054905	0.015242303767737058	0.02088815024836118	0.028250228472109323	0.049710753031865285
0.001899030	27.0	0	0.008212443486318973	0.01583056742749623	0.021698844672723122	0.02935260059858698	0.05127448259221586
0.001899030	28.0	0	0.008340597801134173	0.016438020008081665	0.022528343054408578	0.030589057587389404	0.05322570431065837
0.001899030	29.0	0	0.008691596281262235	0.01724964794125168	0.023468229550131205	0.03185067440257255	0.05488068718748102
0.001899030	30.0	0	0.008980663866954204	0.017946359438934367	0.02447355074403841	0.03295540135719983	0.05602674245489713
0.001899030	31.0	0	0.009313997038890133	0.018739007938597202	0.025437568670791666	0.03422283868872584	0.05744183397082228
0.001899030	32.0	0	0.009758748536180879	0.019541825160056106	0.02650268126025803	0.035668325339487286	0.05956222442582324
0.001899030	33.0	0	0.010081210181113317	0.02048310949639883	0.02761106047535335	0.03702442423927332	0.06141894801286496
0.001899030	34.0	0	0.01030258042998504	0.021187153400837606	0.028758306375073164	0.038633248035006965	0.06340089255905533
0.001899030	35.0	0	0.010883538084404187	0.022068631313063455	0.0299657841533455	0.0401606833377344	0.06531166983361343
0.001899030	36.0	0	0.011332401371671822	0.022951339615047153	0.031082013351327382	0.04155358037981196	0.06717003344886546
0.001899030	37.0	0	0.011912909917067165	0.023979212837730746	0.03233967923038269	0.04348412686399168	0.06945609641591977
0.001899030	38.0	0	0.012400841320375148	0.025013505212597972	0.033767692520789615	0.045176246453418535	0.07153050235018407
0.001899030	39.0	0	0.013093427305907878	0.02598834921690795	0.03515602580819785	0.04712792932401195	0.0740019544418027
0.001899030	40.0	0	0.01343528192956352	0.026949039656922098	0.03649362806135023	0.04919245987927746	0.07775365312939227
0.001899030	41.0	0	0.014041239146159524	0.027918695830164944	0.0381888991146148	0.051365083641139786	0.07996982666183752
0.001899030	42.0	0	0.014726754397251168	0.02910407615679322	0.03981083681955386	0.05328723920340539	0.08341059821054543
0.001899030	43.0	0	0.015133635172024056	0.030355625605228725	0.04128365062833301	0.055212549773263134	0.08757044559191185
0.001899030	44.0	0	0.015795129328925163	0.03154387445636629	0.04290073755652571	0.05725658144813925	0.09085993110029175
0.001899030	45.0	0	0.016494478952838988	0.03294118379072963	0.0447604441802594	0.059197709204978646	0.09351937412420937
0.001899030	46.0	0	0.016926716061826247	0.034318680300984374	0.04647627473415227	0.061439987829750804	0.09655414717669718
0.001899030	47.0	0	0.01781737681530618	0.03552237380377108	0.04801415346006459	0.06328532592942941	0.09868579174854139
0.001899030	48.0	0	0.0187066233551282	0.036980248673556926	0.04984512380025677	0.0656347603917125	0.10210263341954022
0.001899030	49.0	0	0.019842050392296813	0.038507843059656134	0.05172575399819295	0.06788956676005825	0.1047591012481165
0.001899030	50.0	0	0.020682106301704303	0.039880428256385346	0.05355128056240584	0.07028023095838662	0.10741814246867681
0.001899030	51.0	0	0.021352373746965393	0.04148312087134578	0.055589734542668426	0.07241757514076422	0.11007910627877589
0.001899030	52.0	0	0.021912730545013904	0.04294744156864311	0.057577698601528754	0.07511603032530634	0.1132576837017867
0.001899030	53.0	0	0.023017852954050688	0.04447173036055577	0.05949266302544831	0.07763715457525923	0.11755120724201802
0.001899030	54.0	0	0.023872471923862475	0.046280099573764166	0.06165618655424258	0.08008838373440244	0.12116129960346309
0.001899030	55.0	0	0.02467543427013923	0.04791945590845825	0.06389339321413319	0.08253065276081739	0.12496234664809262
0.001899030	56.0	0	0.025517013839596175	0.049371137642922586	0.0662647475141421	0.08523016766379188	0.1283296305802662
0.001899030	57.0	0	0.026635501046222077	0.05127120859640223	0.0686612328930579	0.08785218755276883	0.13203988111878315
0.001899030	58.0	0	0.02748223489937798	0.05283336395233598	0.07105385674229159	0.09030310955990348	0.1358517925271724
0.001899030	59.0	0	0.028322497346450225	0.05496938570991624	0.07355615453465805	0.09316664330610859	0.14033292171508213
0.001899030	60.0	0	0.02943347415763617	0.05655625523263079	0.0759061746090956	0.096036425834936	0.14509729722725445
0.001899030	61.0	0	0.030596953893515317	0.05873723503539171	0.078381841005719	0.09877681636513451	0.15022862185867372
0.001899030	62.0	0	0.03145332620296106	0.06052613839645862	0.08102717501071441	0.10187546130210386	0.1546500676429297
0.001899030	63.0	0	0.03225989380311592	0.0621912944182003	0.08364701969662078	0.10480190453398638	0.15867140609194885
0.001899030	64.0	0	0.03330350282978893	0.06427548217197476	0.08590777222501408	0.10787074180230287	0.16386083363725545
0.001899030	65.0	0	0.03425555550673376	0.06640752934872142	0.08828458341223941	0.1112076964112085	0.16804981614693554
0.001899030	66.0	0	0.03538540340352186	0.06840970289472727	0.090871779563155	0.11431038871704582	0.172751854644487
0.001899030	67.0	0	0.0367898431434633	0.07057088491452287	0.09347337435109006	0.11729104723936692	0.17654755150651358
0.001899030	68.0	0	0.0380549281901138	0.07265052089307031	0.09601908895448408	0.1204469227437934	0.18093834332087724
0.001899030	69.0	0	0.03933956075853225	0.07490604850522578	0.0986247376696952	0.12431848600151565	0.18638115091181232
0.001899030	70.0	0	0.040667235554635084	0.07717233871352519	0.10144583288865199	0.12748423903048195	0.1905644153047258
0.001899030	71.0	0	0.04206715638643491	0.07947256302372675	0.10397678436648328	0.13061041052124628	0.19507010862153082
0.001899030	72.0	0	0.04352525842599398	0.08201663757863699	0.10681633434277357	0.13388621482840618	0.19986281291688765
0.001899030	73.0	0	0.045121467179220644	0.08440555892679333	0.10976687004800223	0.13748016372331903	0.2045802470540406
0.001899030	74.0	0	0.0468595499649642	0.08712320608788802	0.11273533118751083	0.141152752058962	0.21034477731779358
0.001899030	75.0	0	0.048288048022939935	0.0896572522086745	0.11553355016041171	0.1448137416365181	0.21614212960650142
0.001899030	76.0	0	0.049764238725341664	0.09224253322803079	0.11863211419186637	0.14865827560537687	0.21960758060742966
0.001899030	77.0	0	0.05125442393084914	0.09477943005723778	0.121797036763411	0.15234253331558728	0.2223893051723598
0.001899030	78.0	0	0.052535425915923306	0.09717771059894453	0.12515121860498454	0.1557938224706128	0.22702719142980776
0.001899030	79.0	0	0.05449366473929273	0.09930377766866824	0.12823758230701843	0.15965423625357847	0.23219685514370086
0.001899030	80.0	0	0.05657035759407818	0.10179360171705071	0.13154531072788608	0.1632953391407898	0.23754424726228918
0.001899030	81.0	0	0.058557987148780924	0.10453316404183653	0.134902677838057	0.16695762245138387	0.24343883045368378
0.001899030	82.0	0	0.05983188679831806	0.10749975349444033	0.1380409469665162	0.17088011035543121	0.24936615351155195
0.001899030	83.0	0	0.06127538206407217	0.11030215376066199	0.14148239862437148	0.1752431776442823	0.2553479451143634
0.001899030	84.0	0	0.06333631230168768	0.1135552780555609	0.14463940674165476	0.17936308201293838	0.26030568187263253
0.001899030	85.0	0	0.06521150162187556	0.11614207799353346	0.14821213194838992	0.18388889687389276	0.26532860797963476
0.001899030	86.0	0	0.06701361226184802	0.11890258443276006	0.1516389746458609	0.18795960111709875	0.27158643796414145
0.001899030	87.0	0	0.0695548564201263	0.1219121538784712	0.15513709467503506	0.19180964311087106	0.2766306804952213
0.001899030	88.0	0	0.071573157548664	0.12490668420214403	0.15860706982528733	0.1961811067795834	0.2815510454221154
0.001899030	89.0	0	0.07345592796142544	0.1277208040468605	0.16217482851030973	0.20052065452838097	0.286499833542656
0.001899030	90.0	0	0.0754078145725121	0.13045311969804663	0.1654000747030518	0.20454818556184926	0.2915128247407227
0.001899030	91.0	0	0.07744143822892405	0.13346313516766567	0.1690573833686958	0.20874099542269584	0.2966097870844121
0.001899030	92.0	0	0.07961481848031532	0.13675049658153837	0.17276252940222803	0.21302000326005807	0.3024735905593042
0.001899030	93.0	0	0.08178973922751065	0.1397934188631555	0.17648575384661486	0.21768388131403332	0.30806817233442774
0.001899030	94.0	0	0.0841027110691049	0.142775823484154	0.18086258365356755	0.2221141473219521	0.314740883077626
0.001899030	95.0	0	0.08637106456754254	0.14596076736062155	0.1848593658454113	0.22663462190301603	0.32167373412496536
0.001899030	96.0	0	0.08850573342031483	0.14924628690527625	0.18904997346158817	0.2308271837275648	0.32874790237340784
0.001899030	97.0	0	0.0907186796342398	0.15236927752801366	0.19273989425081492	0.2351500460126833	0.33589455628527015
0.001899030	98.0	0	0.09302941986694609	0.15571002032774786	0.19638553882709384	0.23957190342758528	0.34242336711651516
0.001899030	99.0	0	0.09538394521570805	0.15911729232194086	0.20034613804042195	0.24408718685639516	0.34805720362874676
0.001899030	100.0	0	0.09756767295677628	0.16241094652493998	0.20425724206689017	0.24892809179638695	0.35364518354945296
0.001899030	101.0	0	0.10031673749901023	0.16563607226283067	0.2081879218307912	0.25371629904294424	0.3601445536534
0.001899030	102.0	0	0.10220346974002993	0.16927577430168594	0.2124706630854375	0.25861278623752915	0.3673219192539817
0.001899030	103.0	0	0.10469762146370425	0.1729687859487312	0.21687051960278647	0.2639075743799292	0.3746220794524037
0.001899030	104.0	0	0.107611546459802	0.17653066694786582	0.2208224461492098	0.26922474273036656	0.38201326469782304
0.001899030	105.0	0	0.11009435692029806	0.18030802138370233	0.2250474160048733	0.2745264541816941	0.3894465651279331
0.001899030	106.0	0	0.11236216706274416	0.18386190077314588	0.2292049283330794	0.27988459293075824	0.39687161787648134
0.001899030	107.0	0	0.11461945790368398	0.18728973103898974	0.2336324979710967	0.28474025855002494	0.4043035538500908
0.001899030	108.0	0	0.11742703414024006	0.19093659316583173	0.2377571483185082	0.29023114199733485	0.4117364763511068
0.001899030	109.0	0	0.11942140589660694	0.19474437999266822	0.2420943566862857	0.2952258819125903	0.4194180257871095
0.001899030	110.0	0	0.1217920502956551	0.19899914264305782	0.24670244605636443	0.3004787151125548	0.42767395406204434
0.001899030	111.0	0	0.12519718158662957	0.20256479821170326	0.2510942140658696	0.3056320956310473	0.43586857584891436
0.001899030	112.0	0	0.12873192955058382	0.20662765871782718	0.25517327039834004	0.31079306983920063	0.4427811898969201
0.001899030	113.0	0	0.13240352830013224	0.21049568589953802	0.26010988642903515	0.31637077931248175	0.45008538865222786
0.001899030	114.0	0	0.13557164066491287	0.21411736479542923	0.26488888096670843	0.3213700518153615	0.4581163598405268
0.001899030	115.0	0	0.13813399577272012	0.21813902242993866	0.2696848398271664	0.32682156647716326	0.46620165524204354
0.001899030	116.0	0	0.14080351188266801	0.2224219047030232	0.2745828438899851	0.3328771728683093	0.4743561495748271
0.001899030	117.0	0	0.14277320596022447	0.22671107435515753	0.2790804829303113	0.3390105180306982	0.48257945772819405
0.001899030	118.0	0	0.14489844619561906	0.23111434235733944	0.2838440822370353	0.34470191351610446	0.4904261729953324
0.001899030	119.0	0	0.14724350184478	0.23549809051938467	0.28814395225243494	0.35058671335147473	0.4969685809540025
0.001899030	120.0	0	0.14975362588365618	0.23988933963829595	0.2926998681961381	0.35707016293452554	0.5043333323691116
0.001899030	121.0	0	0.1523824270500975	0.2437432223099937	0.2978122567478158	0.36275013884592433	0.5134521288105101
0.001899030	122.0	0	0.15653988825691192	0.24686838256727545	0.30291825632548375	0.36881083130823217	0.5225640089923991
0.001899030	123.0	0	0.16089560527977853	0.2517808517413932	0.30772836767643974	0.3746591769132781	0.5315645320499482
0.001899030	124.0	0	0.16361546244069958	0.2564046853828089	0.31251287040771814	0.38053705118345604	0.5402547019319016
0.001899030	125.0	0	0.16703674520104186	0.2613304256447867	0.3172884116364688	0.3864102605950853	0.5484304427983497
0.001899030	126.0	0	0.17167305908301492	0.2653442528274139	0.322984144892886	0.39269491769771436	0.5547632510628551
0.001899030	127.0	0	0.17695077504546525	0.26952035555369525	0.3283402859652555	0.3984260576728186	0.5620223172521989
0.001899030	128.0	0	0.18201133080710552	0.2735586453675349	0.3340532805990936	0.40422102327754045	0.5696882678166285
0.001899030	129.0	0	0.18679104704355812	0.27873406431559233	0.3396855572982402	0.41021413008203406	0.5775168571998073
0.001899030	130.0	0	0.19062956738984338	0.2827881848517571	0.3449836908908892	0.4158741803584208	0.5847991906676969
0.001899030	131.0	0	0.1938860624660599	0.28821091455160947	0.35038383192173805	0.42177182402667857	0.5907974376651651
0.001899030	132.0	0	0.19722265382949153	0.29218453294240254	0.3565026261748618	0.4272987194424298	0.5965435424463208
0.001899030	133.0	0	0.2005350588774337	0.29653853208185366	0.36205914029459174	0.4334854859255599	0.6036186883924707
0.001899030	134.0	0	0.20390184057477997	0.30181760419094456	0.3676553666526289	0.4396936836671829	0.6114587310472264
0.001899030	135.0	0	0.20736844045700908	0.30686385388504567	0.3733353857839457	0.44615718815605	0.6195168475281323
0.001899030	136.0	0	0.21094799102890077	0.31203928767817457	0.37877373724615837	0.45272413687713076	0.6268512226517242
0.001899030	137.0	0	0.21463678137474912	0.31750488753663664	0.38401980386539225	0.45930730022666677	0.6360425193617986
0.001899030	138.0	0	0.21841066922154123	0.32197602606731535	0.3895725424448995	0.4660638110398078	0.6458342892004239
0.001899030	139.0	0	0.22164701992317018	0.3268087142020558	0.3950036064569542	0.4722375663769817	0.6556314176520102
0.001899030	140.0	0	0.22440036032385943	0.3310993622281393	0.4004489467101284	0.4786684710143365	0.664228958719206
0.001899030	141.0	0	0.2272869241401315	0.33532420395722945	0.4068323216819348	0.4852043330812752	0.6747706759323248
0.001899030	142.0	0	0.2319793318353916	0.34053259369197364	0.4125020709369164	0.49172805617342663	0.68377851412831
0.001899030	143.0	0	0.23553202657228883	0.3454551952149585	0.4186564114484568	0.49839827506143664	0.6927365873562225
0.001899030	144.0	0	0.23910156756583012	0.350514831464948	0.424020302397606	0.5044190645260573	0.7016389850154936
0.001899030	145.0	0	0.2429052018788885	0.35536919713431125	0.4301573725544406	0.510947822282247	0.710513709803014
0.001899030	146.0	0	0.24689972237923705	0.3607130300667242	0.43545493261791196	0.5176061796729927	0.7193510687611445
0.001899030	147.0	0	0.2510223679135261	0.36563313861417157	0.44168799842275586	0.5247911250889628	0.7281688586822262
0.001899030	148.0	0	0.25535643757514687	0.3706212984022557	0.44765933598857177	0.53205320423599	0.7369948081475054
0.001899030	149.0	0	0.26046371563834025	0.37538137791668613	0.45315619067753204	0.5388566503676939	0.74768157950781
0.001899030	150.0	0	0.26558448698155085	0.38045371889840723	0.4594400200504615	0.5454549424014803	0.758696702063925
0.001899030	151.0	0	0.27069988511652643	0.38574214318404604	0.46521302931903424	0.5521097704253666	0.7681424412802418
0.001899030	152.0	0	0.27581051698004333	0.391169221303352	0.47142512851006824	0.559497203572836	0.7764438196143219
0.001899030	153.0	0	0.28060299436279135	0.397005088728403	0.47739759180806873	0.567201795327804	0.7846889190722478
0.001899030	154.0	0	0.2843323797694985	0.40283370711314326	0.4835834651241532	0.5745387286408126	0.7928776860437274
0.001899030	155.0	0	0.28806809628002017	0.40805874659036934	0.48985124513192857	0.5810207278964216	0.801055786771131
0.001899030	156.0	0	0.29170983439098386	0.4136491036761589	0.49541289653634424	0.5886480697348224	0.8092581051837265
0.001899030	157.0	0	0.295110221466684	0.41927034148439607	0.5019213218576055	0.5956132993099919	0.818306838096411
0.001899030	158.0	0	0.2989836526798082	0.4250147511075226	0.5084228513730158	0.6022988730754386	0.8276590596843707
0.001899030	159.0	0	0.30327626700582827	0.43088606153634124	0.5149708609707988	0.608836760885182	0.8370607721051798
0.001899030	160.0	0	0.30799675172578017	0.43659082330251126	0.5219173707533916	0.616976950837545	0.8465030826180051
0.001899030	161.0	0	0.3108458031722094	0.44242074044649854	0.5284881568560009	0.6245567003118679	0.855988088863981
0.001899030	162.0	0	0.31629318229237585	0.4484797097927638	0.5352551081561232	0.6323519208153778	0.8655063665038828
0.001899030	163.0	0	0.32160010210892553	0.45434234392359046	0.5417062900848404	0.6404383070815367	0.8750383849964537
0.001899030	164.0	0	0.3269893306866079	0.46014214085694	0.5488466077459369	0.6484767465379955	0.8845709549933962
0.001899030	165.0	0	0.33000691184228387	0.4658873447239029	0.5555662595091235	0.6570304988571011	0.8941088217315711
0.001899030	166.0	0	0.3330420596230993	0.4714943337410267	0.5619567491316133	0.6654617840202787	0.9036703515887604
0.001899030	167.0	0	0.33610613713907606	0.4774254746141951	0.5689787894675985	0.6731655282661713	0.9132811048860042
0.001899030	168.0	0	0.33982975753857086	0.4831602611479937	0.5758922078187957	0.6812803402243275	0.9229633111407186
0.001899030	169.0	0	0.3438015160386742	0.48897261667860176	0.5827763643739743	0.6881582502140257	0.9327066781117519
0.001899030	170.0	0	0.3478440436670489	0.49484502892430116	0.5896332910606682	0.6954530073925395	0.9424500355769899
0.001899030	171.0	0	0.3519733401190551	0.5006342617217944	0.5960880342375732	0.703332020708903	0.9524472649792445
0.001899030	172.0	0	0.3559431128090643	0.5063991223749934	0.6026724709258633	0.7111922571648557	0.9628147492937783
0.001899030	173.0	0	0.3597991548259337	0.5122686508672968	0.6093785592102567	0.7195466645048986	0.972788968646383
0.001899030	174.0	0	0.3636952004395537	0.5178826289311678	0.6160346404647188	0.727854191756556	0.9828033292150201
0.001899030	175.0	0	0.36767116639995995	0.523815282887649	0.6230192312776077	0.736179037306626	0.992881801806322
0.001899030	176.0	0	0.37178754555250876	0.5298604971087322	0.6302601425018157	0.7448735182862551	1.003012038440995
0.001899030	177.0	0	0.37607970853230455	0.5358764886215569	0.6380199693913546	0.7535896590798175	1.013153716393968
0.001899030	178.0	0	0.38054297909531193	0.5421955901486474	0.6454141971267253	0.7621616104950599	1.0232901502915395
0.001899030	179.0	0	0.38508481634012576	0.5489109940199546	0.6532151269256026	0.770714284419389	1.033417306940887
0.001899030	180.0	0	0.38964951414062804	0.5553246119210439	0.6605880606940702	0.7795884785905718	1.0431114686225897
0.001899030	181.0	0	0.3942367626111444	0.5611884399695466	0.6681393563393698	0.7876873005970424	1.0526082481836672
0.001899030	182.0	0	0.398855027439576	0.5671543053663168	0.6762110871002068	0.79575868558774	1.0631722337500398
0.001899030	183.0	0	0.40352296116498393	0.5725542688099634	0.6829454777251232	0.8038202483163717	1.0737288232996702
0.001899030	184.0	0	0.4082632145475212	0.578682270875881	0.6912843915663858	0.81241025051568	1.0839518922538276
0.001899030	185.0	0	0.41312186867345657	0.5854832282297692	0.6992705986846878	0.8213034707734808	1.0940383204147814
0.001899030	186.0	0	0.41810509742141977	0.5919448673730511	0.7070338128608287	0.8294210392407884	1.104135434549452
0.001899030	187.0	0	0.42315736620238587	0.5985345392972176	0.7151280546407188	0.8381801232417927	1.1142363681429166
0.001899030	188.0	0	0.42823006556548954	0.6050873563436117	0.7232726493154747	0.8461530112659312	1.1239087514114483
0.001899030	189.0	0	0.43334929607632405	0.6115218179931798	0.7311513314016234	0.8541060745452798	1.1332119191295054
0.001899030	190.0	0	0.4385954861731376	0.6180515967660526	0.7389605207954919	0.8620829539175578	1.1435940345447517
0.001899030	191.0	0	0.444039483552562	0.6242625738588249	0.7467016579107959	0.8707852179241051	1.1526696442197013
0.001899030	192.0	0	0.4495791723495711	0.6305756954055944	0.7550388475404893	0.8794343678104762	1.1618019758697067
0.001899030	193.0	0	0.45512035947318663	0.636886323703334	0.7632045647088881	0.887978069281735	1.1718204864252617
0.001899030	194.0	0	0.45992979471516143	0.6434942644326951	0.7711249905688515	0.8971009501812794	1.1840955315195536
0.001899030	195.0	0	0.4654471007485101	0.6495345567557866	0.7785525601978203	0.9067320402539634	1.193521586578029
0.001899030	196.0	0	0.47160393204315226	0.6557529288831947	0.7856353824991869	0.91628576843341	1.2026921902092174
0.001899030	197.0	0	0.47788434463680696	0.6627259433816485	0.7936408449314591	0.9251333299089254	1.2132461415212556
0.001899030	198.0	0	0.4841222975491832	0.6701477290089783	0.8016004276656288	0.9337310023773402	1.2240171641428832
0.001899030	199.0	0	0.4903115819298588	0.6769708862350065	0.809745998723455	0.9430227181692784	1.234938856684924
0.001899030	200.0	0	0.4956520480446467	0.6838323090835086	0.8181276558997772	0.9521595858493954	1.2459475823376474
0.001899030	201.0	0	0.5001588163314387	0.6904100887155427	0.8263370651798996	0.9613450120270575	1.2570552976313512
0.001899030	202.0	0	0.5047013146496419	0.6983463848409854	0.834369567142064	0.9703595918170914	1.2682699158265955
0.001899030	203.0	0	0.5093055390291303	0.7057105040002203	0.8423868596647237	0.9793938583603955	1.2795749506292324
0.001899030	204.0	0	0.5140430226513536	0.7126952172274725	0.8511003882246617	0.9882618778744374	1.2909462916359598
0.001899030	205.0	0	0.518880427752611	0.7200918224542265	0.8592604646933781	0.9981594398350727	1.301958878449718
0.001899030	206.0	0	0.5252428176545904	0.7270430106717526	0.8680951486387449	1.0080784774410194	1.3123896052094053
0.001899030	207.0	0	0.5325118711740267	0.7338888359836176	0.876447085934468	1.017683783939425	1.3228097530500367
0.001899030	208.0	0	0.5382429797022252	0.7411002428112079	0.8848064820330286	1.0267094599248971	1.3332101277682262
0.001899030	209.0	0	0.5439064079131375	0.7490871129128626	0.8932271526791995	1.036699043478851	1.3435850321752631
0.001899030	210.0	0	0.5500888319576275	0.7570642855321539	0.9020312685440679	1.046124169947516	1.353949638626517
0.001899030	211.0	0	0.5558735834411037	0.7640918482784114	0.9103698035215684	1.0549724023062317	1.3643042384487136
0.001899030	212.0	0	0.5615176199239931	0.7709423847894004	0.9182788391203437	1.0632367839290104	1.3746490560684799
0.001899030	213.0	0	0.5659619006649533	0.7782886129839869	0.9267190303904358	1.073126655068988	1.384984065829887
0.001899030	214.0	0	0.5701995939824496	0.78555911539972	0.9352937444525604	1.082921562686954	1.3953089246281292
0.001899030	215.0	0	0.5751972560525929	0.792623981865011	0.9442105621664185	1.092082462700596	1.4056232651388065
0.001899030	216.0	0	0.58030798397215	0.7999538169971021	0.9525254650500554	1.1024206242944847	1.4159272340682156
0.001899030	217.0	0	0.5854941890461232	0.8077211191061884	0.9607202474018937	1.1122960026335165	1.4262216194793869
0.001899030	218.0	0	0.5907211473001713	0.8159569151255441	0.9688432017543558	1.121151043809597	1.436581672102388
0.001899030	219.0	0	0.5959624729747833	0.8236469483484994	0.9773897334927943	1.1316989298651283	1.4490374881517702
0.001899030	220.0	0	0.6012092838002678	0.8312885679178865	0.9860326511009845	1.1422618313246609	1.4614909326955983
0.001899030	221.0	0	0.606464681772817	0.8385733540181326	0.9948018904282218	1.1521495500226455	1.4739425384118718
0.001899030	222.0	0	0.6117359221468216	0.8453734563619952	1.0033193337631447	1.16104018375455	1.486392514404683
0.001899030	223.0	0	0.6170344325156777	0.8528162078005445	1.011492300676979	1.1709971756877287	1.4988406376816925
0.001899030	224.0	0	0.6224118799526668	0.8607123383145817	1.0199160661821112	1.1806516476610303	1.5112867432513055
0.001899030	225.0	0	0.6278724913659122	0.8691014740583959	1.0277477779949629	1.1903702614771166	1.5227432756102846
0.001899030	226.0	0	0.6334366324839928	0.8775672421371074	1.0362609170775052	1.2001142456679474	1.534229733129201
0.001899030	227.0	0	0.6390763391930379	0.8859705177022896	1.044971028483321	1.209623224764895	1.5458204751719693
0.001899030	228.0	0	0.6447474611600963	0.8948267546684485	1.054132618129739	1.2191742062799127	1.5574976796737732
0.001899030	229.0	0	0.6504645292603904	0.9032874677920298	1.0627496986469405	1.229130050915647	1.570447723554948
0.001899030	230.0	0	0.6561906333249306	0.9117508376318533	1.0714485591341263	1.2394453295538417	1.5842530104159693
0.001899030	231.0	0	0.6619121579648061	0.9206003757110381	1.07988353768834	1.249624816823483	1.5969620359623438
0.001899030	232.0	0	0.6676431385607738	0.9293695670263704	1.0884629557988523	1.259717613880188	1.607296025254027
0.001899030	233.0	0	0.6734043348588145	0.9383635262907426	1.0970642842734128	1.2713103826187608	1.6176211115332877
0.001899030	234.0	0	0.6792017636868725	0.946731809158025	1.105975302614819	1.2811843378451158	1.6291609758433778
0.001899030	235.0	0	0.6850367351159903	0.9555353859420098	1.1147959054466674	1.2905605390584969	1.6422169712091208
0.001899030	236.0	0	0.6919371774324989	0.963635726205897	1.1236667772695168	1.299872846683725	1.6553671639309482
0.001899030	237.0	0	0.6989071320109467	0.9714725119087009	1.1325363324328874	1.3099830050681147	1.6680298284672994
0.001899030	238.0	0	0.705932633955106	0.9796778849434201	1.141485315891602	1.3195467131609775	1.6818098593841369
0.001899030	239.0	0	0.7128313910207763	0.98794244906181	1.1506007405135072	1.3286470906773782	1.69593511434828
0.001899030	240.0	0	0.7198034154177522	0.9967622932018056	1.159511593731831	1.3388463151018422	1.7098492599399129
0.001899030	241.0	0	0.7268542558678872	1.0044334172186438	1.168453451969523	1.348660015240758	1.7239391149995813
0.001899030	242.0	0	0.7339824222101488	1.0119803928317999	1.1774661549880432	1.3585643781410588	1.737876652250491
0.001899030	243.0	0	0.7411995003506977	1.020688876771233	1.1867321316287598	1.3710762275900295	1.7497747965304737
0.001899030	244.0	0	0.7484562797014157	1.0298982386852429	1.1961502531771622	1.382955577547968	1.7611543822473799
0.001899030	245.0	0	0.7557399253215583	1.0386066235796227	1.2056789130872927	1.3934615575629665	1.7725381760983627
0.001899030	246.0	0	0.7630603311633145	1.0467810902209267	1.2151642668301146	1.4043149773678472	1.7839355462656057
0.001899030	247.0	0	0.770446131228771	1.0555183840401987	1.2249015261356422	1.4144827493231578	1.7953586153438614
0.001899030	248.0	0	0.7779116776218976	1.0631925081771467	1.233974936143471	1.4249533550708713	1.8068246946173852
0.001899030	249.0	0	0.7854194182186676	1.07165082005181	1.243365033259935	1.4361797598735941	1.8184303375499744
0.001899030	250.0	0	0.7929296702551736	1.0803672435334841	1.2533715938230605	1.4483698814971635	1.8322569961460777
0.001899030	251.0	0	0.8004421802509126	1.0887192332008904	1.262566202286795	1.4598927507114943	1.8460976703946113
0.001899030	252.0	0	0.8079706489249374	1.0967011975108623	1.2719126408095431	1.4707527699159637	1.8599627746141498
0.001899030	253.0	0	0.8155409325632871	1.104590896887399	1.2818175095585662	1.4820971801443417	1.8738687853813933
0.001899030	254.0	0	0.823186196762502	1.11317365015316	1.291196474082219	1.4938401477247072	1.8878397550561925
0.001899030	255.0	0	0.8309336671594939	1.1208441721018152	1.3006359230398288	1.5048505345873449	1.9019057594166555
0.001899030	256.0	0	0.8387837742853561	1.1291162755897486	1.3109668322589092	1.5151543608057376	1.916092959074754
0.001899030	257.0	0	0.846706684521026	1.1380577954762403	1.322262920478574	1.5253180348872233	1.9310677776941851
0.001899030	258.0	0	0.8537594195068672	1.1459818051475905	1.3330384687080774	1.5353589634492273	1.9463499314744142
0.001899030	259.0	0	0.8607971508713887	1.1548425278757541	1.3421459365243722	1.5462756974599483	1.9617848671088804
0.001899030	260.0	0	0.8677324426185821	1.163156648390527	1.3519852445180218	1.5578533177337819	1.9761689951040335
0.001899030	261.0	0	0.8747512170725351	1.1721700930475785	1.3621046190295876	1.569306300867455	1.9896497323989246
0.001899030	262.0	0	0.8818268831472286	1.1814827835908728	1.372175515608467	1.580675976352441	2.00305468264854
0.001899030	263.0	0	0.8889740786296787	1.1911695915404446	1.382847652275697	1.5917544288899816	2.0169678229580406
0.001899030	264.0	0	0.8962078551911676	1.2008143294023883	1.3935140525609164	1.6024319953384072	2.0313499772237176
0.001899030	265.0	0	0.9035425219992644	1.210858996226962	1.4040009886037401	1.6123499603414326	2.0452610549513155
0.001899030	266.0	0	0.9107435553630735	1.2195661247305516	1.4141643821183467	1.6232001386405397	2.0583265887575464
0.001899030	267.0	0	0.9179227334544704	1.2280284153260022	1.4235002943954131	1.634346734100641	2.071456197161374
0.001899030	268.0	0	0.9246266664207119	1.2373249920405	1.4330503701523991	1.6451502726116756	2.0846523916162987
0.001899030	269.0	0	0.931311399570344	1.2469488422586577	1.4429243422265852	1.6568143004999043	2.097894415802638
0.001899030	270.0	0	0.9379775235371283	1.2561746202509454	1.4523099828702248	1.66848493323055	2.1111541330937844
0.001899030	271.0	0	0.9446274574745869	1.2648841491195248	1.4617212253391894	1.6804221571333897	2.1244218567725417
0.001899030	272.0	0	0.9512664065318794	1.273066279283835	1.4722326062694278	1.6920157434245753	2.137703442208381
0.001899030	273.0	0	0.9579015803731156	1.2817259259181464	1.4827846141828367	1.7036254568587337	2.151442315615536
0.001899030	274.0	0	0.964555632155424	1.2913132459224055	1.4921539298884285	1.7151178691167601	2.1654423423159703
0.001899030	275.0	0	0.9712360054789428	1.300740921579925	1.5025890363451007	1.7265855924259974	2.179540244431811
0.001899030	276.0	0	0.9779438261418875	1.3099869765131182	1.5130542824351938	1.7377349050425879	2.1937391146029874
0.001899030	277.0	0	0.9846866479421695	1.3196669576641271	1.5234757139646442	1.7488010229993818	2.2080189528980085
0.001899030	278.0	0	0.9914507836079918	1.3289542260206233	1.533972824810665	1.7600043145054927	2.2223307780496118
0.001899030	279.0	0	0.9982202741723974	1.339453953434352	1.5455038786855808	1.7716235193434937	2.2366360513504135
0.001899030	280.0	0	1.004824603219774	1.3495584838338588	1.5562971113733228	1.78387950635114	2.2508403858105615
0.001899030	281.0	0	1.0110725827404397	1.3591930343174816	1.5671363327723324	1.795970805228478	2.2650419038587595
0.001899030	282.0	0	1.0172912390728193	1.36962171492299	1.5775251376397788	1.8085921979925021	2.2792428516217287
0.001899030	283.0	0	1.0234888764419658	1.3799032814761367	1.5881492653477647	1.8211687311522478	2.2934453360473737
0.001899030	284.0	0	1.029676491718457	1.3896506536997477	1.5988221874517143	1.8332797923986162	2.307732735385482
0.001899030	285.0	0	1.0358688144041488	1.399319276286489	1.6095316783512041	1.845299014276956	2.3253076020522037
0.001899030	286.0	0	1.0425719634191506	1.4090684997963503	1.6206143591086817	1.8573368209891987	2.3429809851730723
0.001899030	287.0	0	1.0494332983743764	1.418523908153852	1.630501068306636	1.8693455355784512	2.360636342730673
0.001899030	288.0	0	1.0562965185371673	1.4278246612214565	1.641204633450878	1.8813505438455949	2.378230096572182
0.001899030	289.0	0	1.0631622811158248	1.437225325056983	1.652695581103493	1.8941387121110833	2.3917079691381335
0.001899030	290.0	0	1.0700309795394405	1.446970426453618	1.6640118650064024	1.9064263038138167	2.40514769474018
0.001899030	291.0	0	1.0769027694267028	1.457091920108442	1.6748050146690503	1.9183258317308292	2.4186204795813087
0.001899030	292.0	0	1.0837783160022578	1.465522334203106	1.6850762264402905	1.9301982201441716	2.432135333005262
0.001899030	293.0	0	1.0907116180935124	1.4745677394817662	1.6953260045829177	1.9424570752289845	2.4456126087336765
0.001899030	294.0	0	1.099435526610067	1.484110139895162	1.7059332048720242	1.954825881239479	2.459098039607784
0.001899030	295.0	0	1.1085918056958535	1.4943158736417916	1.7174082619272495	1.9664832057788433	2.4725801123393074
0.001899030	296.0	0	1.1158304790166809	1.504592976995268	1.7288472764120684	1.9789253454125224	2.486036006273621
0.001899030	297.0	0	1.1229617127739995	1.5136092103349739	1.7392409142941787	1.9913468993538443	2.4994576112855325
0.001899030	298.0	0	1.1301183771345953	1.5225558265302825	1.7496721529278185	2.0037885216257876	2.5128436337465274
0.001899030	299.0	0	1.1377073586185042	1.5315183543283333	1.760647399120095	2.0165695453215395	2.527423181739826
0.001899030	300.0	0	1.146525917784448	1.5407274517576277	1.772331890364083	2.02923566438443	2.5422872289066225
0.001899030	301.0	0	1.1538069440476337	1.5512367324568883	1.7840911292641892	2.041054693542833	2.557154277639291
0.001899030	302.0	0	1.1606643217936807	1.562486356559555	1.794808210406096	2.0535082804799614	2.5720259454832823
0.001899030	303.0	0	1.1675197022223402	1.573715996751996	1.8058567771267455	2.0667652371616665	2.5869045499731813
0.001899030	304.0	0	1.17437333711959	1.5837122000250594	1.81671163430542	2.0806102285014583	2.601793619095622
0.001899030	305.0	0	1.181118880461482	1.5945480796035472	1.8275933675747642	2.0941755735269107	2.618173209878468
0.001899030	306.0	0	1.1880570101622645	1.6049791687312016	1.8389198914572515	2.107655377041219	2.636888430864091
0.001899030	307.0	0	1.1948824776783877	1.6157675180420217	1.8510472297233331	2.121152615557471	2.6556020313596482
0.001899030	308.0	0	1.201709189029627	1.626744673814375	1.8630629945131938	2.134668225542136	2.6728053857429144
0.001899030	309.0	0	1.2085390962933138	1.6373738741545574	1.875381938885414	2.1481985095131586	2.687032832538338
0.001899030	310.0	0	1.2153754673491566	1.6487162700349205	1.8876784123345327	2.1617479536542152	2.701266452827144
0.001899030	311.0	0	1.2222237647037495	1.6591513942672145	1.8993636392890085	2.1752738228283555	2.7161176646688907
0.001899030	312.0	0	1.229093056260706	1.669452643678094	1.911118749418633	2.1881509143876205	2.733308353319067
0.001899030	313.0	0	1.2359981327026053	1.6799314308208975	1.923346324258159	2.200946223468887	2.7504847154781538
0.001899030	314.0	0	1.242962267442131	1.689485263813653	1.9356397331998527	2.213146839212979	2.767652576608098
0.001899030	315.0	0	1.2500195811735308	1.700008003347009	1.9478833419441326	2.226674872074681	2.7848264505211486
0.001899030	316.0	0	1.257218365854765	1.71042035500322	1.9596943176866677	2.240179757509958	2.80203996380054
0.001899030	317.0	0	1.2645974843023657	1.7210699607380322	1.9712739751951565	2.254370910328573	2.819361976326016
0.001899030	318.0	0	1.2720910362781694	1.7310310665320976	1.9836601706322998	2.2686698013046493	2.8368772363504102
0.001899030	319.0	0	1.279704553823602	1.7411915122066757	1.9965130755269702	2.2802248092780832	2.854506783178676
0.001899030	320.0	0	1.2873989942916257	1.7518489242662099	2.0087774966238783	2.292524779593447	2.872110027416676
0.001899030	321.0	0	1.2951643841604545	1.7625903228819344	2.0202617728070846	2.304997260725693	2.889684575131607
0.001899030	322.0	0	1.3029890812883618	1.773406431654665	2.0317976790965853	2.317555527832196	2.9072261049608867
0.001899030	323.0	0	1.3108493606699436	1.7842535090060907	2.0441425548120065	2.3319419208078327	2.9247327462787975
0.001899030	324.0	0	1.3191710703748087	1.795611668866405	2.055883373908739	2.3445989879848974	2.942203378555991
0.001899030	325.0	0	1.328075440782415	1.8070499915716893	2.0685728900423173	2.357063040040117	2.959656924985592
0.001899030	326.0	0	1.3368911380222548	1.8185628569937082	2.080885131962474	2.3702547281843707	2.9770958098568197
0.001899030	327.0	0	1.3456296710849278	1.829728571168317	2.092925254449958	2.383182902364436	2.994523715019297
0.001899030	328.0	0	1.3543612757098793	1.8401657107413647	2.1048819760833384	2.3955498106766777	3.011948300509101
0.001899030	329.0	0	1.363086170916407	1.8508522186538463	2.1171633836302743	2.4070963800918483	3.0293964307482923
0.001899030	330.0	0	1.371815901223369	1.8615264036301356	2.129604967366669	2.4205978711231957	3.0468997659785977
0.001899030	331.0	0	1.3805527502080421	1.8717215851245577	2.1422201418369653	2.433827445357769	3.064501253978861
0.001899030	332.0	0	1.389008219145233	1.8826365517270962	2.1537184473963675	2.44541729495758	3.0822349400530755
0.001899030	333.0	0	1.3969741706275487	1.8937104793301467	2.1656622086118826	2.456998464470752	3.100069693257839
0.001899030	334.0	0	1.404920818870089	1.9048564004720225	2.1782284427679537	2.4685696439916995	3.1178999776404597
0.001899030	335.0	0	1.4128506502978906	1.9160001130408328	2.1905413647674825	2.4806467364558418	3.1357301879969754
0.001899030	336.0	0	1.4207729044512591	1.9270782909820845	2.2039841182470172	2.493522702966141	3.1535847460666995
0.001899030	337.0	0	1.4298070549942647	1.9382292715937848	2.217150203883745	2.50722407251921	3.1714735229602224
0.001899030	338.0	0	1.4392492109663	1.9500301640969444	2.2301746157473885	2.5208802721597485	3.189409219328631
0.001899030	339.0	0	1.4488181933935762	1.9596951552524873	2.242817531752836	2.5345397266905376	3.2073933268263453
0.001899030	340.0	0	1.4585137698097994	1.9710677574114537	2.255823749964848	2.548207902986182	3.2254592131595112
0.001899030	341.0	0	1.4681373495894472	1.9804474436627915	2.2692078569922765	2.5618933801536317	3.243616771591241
0.001899030	342.0	0	1.4771011332972244	1.990321518163333	2.2821661900643653	2.5760202259562046	3.2618698768631407
0.001899030	343.0	0	1.4861641145365565	2.000715887569998	2.2953164815960916	2.5903363847480776	3.279970208257964
0.001899030	344.0	0	1.495336010569281	2.0117170613437887	2.308683342947514	2.6041288169017562	3.298059933695607
0.001899030	345.0	0	1.5046121222408597	2.022890892745341	2.3219095174020223	2.6179239035210333	3.3137440836876477
0.001899030	346.0	0	1.5139849710815712	2.033998548521695	2.3350885874004303	2.631347690937818	3.3291519140745045
0.001899030	347.0	0	1.5234502246059614	2.0448582197935066	2.348261686927783	2.6447385916056456	3.34454254267151
0.001899030	348.0	0	1.5329860052783404	2.0559155463181664	2.3609292391374703	2.658250715109471	3.3599120570171763
0.001899030	349.0	0	1.542551600881008	2.0657860033843574	2.3729438185348473	2.6716116377610404	3.375390528373538
0.001899030	350.0	0	1.5521226048445254	2.075988993369379	2.385813350700615	2.684701614016412	3.3910461494399518
0.001899030	351.0	0	1.5616961582934115	2.0878673284774365	2.3978543096556093	2.6989583623942535	3.4079802926336087
0.001899030	352.0	0	1.5712743713864383	2.1001981410483452	2.4104908398595386	2.713217298991463	3.4247133862813834
0.001899030	353.0	0	1.5808605953279675	2.112053491256813	2.4236693728370726	2.7275004494025006	3.4394408175822644
0.001899030	354.0	0	1.5904569570580849	2.1238146321272424	2.4361451286606	2.742349512265831	3.4551010187688154
0.001899030	355.0	0	1.6000734126085643	2.1349181639977357	2.448175291918782	2.7569990248296388	3.471469834728362
0.001899030	356.0	0	1.6097196870834085	2.1469708917099037	2.460709814848874	2.7715181753161793	3.487932273226263
0.001899030	357.0	0	1.6194090695023946	2.1592092498637845	2.4733165616794044	2.785866345220069	3.5045022786207576
0.001899030	358.0	0	1.6291566393324977	2.170629527586953	2.4865895357207224	2.80037436695046	3.521127643178071
0.001899030	359.0	0	1.638801593381876	2.1826691902137774	2.4993185958793864	2.814914513954456	3.537762781730478
0.001899030	360.0	0	1.648408785233953	2.195324303926885	2.511304051496186	2.829769301708145	3.554397539859136
0.001899030	361.0	0	1.658036844661101	2.208008338685625	2.5240346309930217	2.8449837520128063	3.571037602380828
0.001899030	362.0	0	1.6677074249719732	2.2207137163588344	2.5368873494035205	2.859160244498261	3.5876916116801056
0.001899030	363.0	0	1.6774400913122558	2.2330275881923436	2.549635971897035	2.8731930239375685	3.6043669339919493
0.001899030	364.0	0	1.687256427741762	2.2452247779641015	2.561650450059491	2.887481835162268	3.6210599476868044
0.001899030	365.0	0	1.697175227858831	2.2573954939877767	2.5739152168864443	2.9023578293672494	3.637805871432526
0.002187690	0.0	0	0.0018716844488285563	0.002910417470017471	0.0037684173579395656	0.005066630822262265	0.010631287306803672
0.002187690	1.0	0	0.0029929040314494587	0.00465551505741702	0.006061882830985337	0.008161457583001134	0.017243245574165646
0.002187690	2.0	0	0.0036971615747668444	0.005755126427183668	0.007515275207712637	0.010117265906577324	0.02150635207904992
0.002187690	3.0	0	0.004168420636019381	0.006512085373045621	0.008500465891955383	0.011437753056994827	0.02440501871546329
0.002187690	4.0	0	0.004519011459046868	0.007044883724003938	0.00919957205090911	0.012454346734074351	0.026682824674943123
0.002187690	5.0	0	0.0047879905134911565	0.007507037361100196	0.00974634963161719	0.01317938581110145	0.028509473769332706
0.002187690	6.0	0	0.005002180479366039	0.007860251361506705	0.01022310446630138	0.013887236197481868	0.029794680020081395
0.002187690	7.0	0	0.005167963476156922	0.00819721793330826	0.010636494820477767	0.014430152782334098	0.030958544923778874
0.002187690	8.0	0	0.005347098147361444	0.008494595347260936	0.011016489517052967	0.015058642466355267	0.03208745250443809
0.002187690	9.0	0	0.005502563307030242	0.008787488555016511	0.011429678680308208	0.015600869834880432	0.03322550183398573
0.002187690	10.0	0	0.005653514381513355	0.009066641553147323	0.011837283443936097	0.016214564115949102	0.034210044511673074
0.002187690	11.0	0	0.00579666095111034	0.009367156626529647	0.01222848232160575	0.016658009999911544	0.03504066190014842
0.002187690	12.0	0	0.005945991458834791	0.009684963997192342	0.0125709346353469	0.017262411737304778	0.03582252175732124
0.002187690	13.0	0	0.006086741646441458	0.009932477654345975	0.013004689289529097	0.017884574979237705	0.0365623676482417
0.002187690	14.0	0	0.006210457413654526	0.010210191434296138	0.013445646322711939	0.018384031852479964	0.03727213794833073
0.002187690	15.0	0	0.006391471533192804	0.01048927711421359	0.013935361820349032	0.019032977940467627	0.03810200767814351
0.002187690	16.0	0	0.00649399644545589	0.010860316495025998	0.014478881682251723	0.019634448805277697	0.039729075377380955
0.002187690	17.0	0	0.006651075414579767	0.011237419453951951	0.01499358357277192	0.020272734026641998	0.04144852077163558
0.002187690	18.0	0	0.006864648961966935	0.011561495723804232	0.015530592676888604	0.020935326914422344	0.04317949967229586
0.002187690	19.0	0	0.0069663710173344	0.012034521090956757	0.016118342381353158	0.02152229896503043	0.044033839746967805
0.002187690	20.0	0	0.007125346467941317	0.0124484315676581	0.01678355507256589	0.022426516770996437	0.04460140494909931
0.002187690	21.0	0	0.007376436734715138	0.012911268167380066	0.017394241562547874	0.02329047503589743	0.04513634764331175
0.002187690	22.0	0	0.007716612527047345	0.013416399292883349	0.018090762431572004	0.024273016807968915	0.04585603377987027
0.002187690	23.0	0	0.008035470039081671	0.013951582816673027	0.01883582617865232	0.0250986601337877	0.04699763872332693
0.002187690	24.0	0	0.008435257641373041	0.014536909222118652	0.01969170516431839	0.026170952293115477	0.048160636048059535
0.002187690	25.0	0	0.008779734006092823	0.015136760596504081	0.020564488323634653	0.027228677014067854	0.04935736937675775
0.002187690	26.0	0	0.008830275959075446	0.015868310146333532	0.021546690455781815	0.028544644873548117	0.05087870873351453
0.002187690	27.0	0	0.008918919509447698	0.01668539153331902	0.022468868092816244	0.029876156647909956	0.05258211590505263
0.002187690	28.0	0	0.00913107851551146	0.017335918677237837	0.023281438728500834	0.031220807189905435	0.054467477368044206
0.002187690	29.0	0	0.009439117804456536	0.017952733280651934	0.024407686237059176	0.03267359822504976	0.056069307320413875
0.002187690	30.0	0	0.009682055205442047	0.01879793671365381	0.025305727056550077	0.034310730251271467	0.058571387624552905
0.002187690	31.0	0	0.009990838182576314	0.019684979350239364	0.026403775841925867	0.03598571264894486	0.06127923328617006
0.002187690	32.0	0	0.010561243821040584	0.020579191836364863	0.027557951749683285	0.03753038891006862	0.0631752568124663
0.002187690	33.0	0	0.011142423049963948	0.02135977317502461	0.028861117578219235	0.038979970823172894	0.06514103510158026
0.002187690	34.0	0	0.011768330384209455	0.022180732879838905	0.03006199340161113	0.040582721921433036	0.06717021933345803
0.002187690	35.0	0	0.012312826994118219	0.02342520547064044	0.0312812162625139	0.04245620530169265	0.069236215567466
0.002187690	36.0	0	0.012565310890218855	0.02437101993381649	0.0324728635586464	0.04422556265858403	0.07128346787112182
0.002187690	37.0	0	0.012953542991431175	0.0252387730956877	0.03387621353335755	0.04602063707089527	0.07436066445325196
0.002187690	38.0	0	0.013088215306908528	0.026282599293687543	0.03544980125572755	0.047787438077484444	0.07749409687294748
0.002187690	39.0	0	0.013659607143901865	0.027356093951823483	0.03697199548559908	0.049762944815289256	0.08017246871395609
0.002187690	40.0	0	0.014426636053315779	0.02866598901559972	0.03845933987690918	0.051698016222781806	0.08274665338340358
0.002187690	41.0	0	0.014787482618403923	0.03002907161594171	0.040204870953589295	0.053749589040058735	0.08656592978853478
0.002187690	42.0	0	0.01540296702085014	0.03142746124225107	0.04193987292199997	0.05584184990057094	0.09053067477245225
0.002187690	43.0	0	0.01598320593883954	0.032753934913113854	0.04363818110790964	0.05756845545664039	0.09438951179303602
0.002187690	44.0	0	0.016189995299617056	0.034432771670486965	0.04549566876499277	0.060196619914340804	0.09627382794550987
0.002187690	45.0	0	0.01647103374566243	0.03600002275482497	0.04744830669277335	0.06279257483045944	0.09801007746297424
0.002187690	46.0	0	0.017113204943067187	0.03752188556579231	0.04912959203737015	0.06451871249620135	0.1004530859656381
0.002187690	47.0	0	0.017600336386105437	0.0389917253578003	0.051200379149446376	0.06659804223808324	0.1038675704863819
0.002187690	48.0	0	0.018321453618030743	0.040549576661435646	0.05322854762861335	0.06954786837585275	0.10645146052160923
0.002187690	49.0	0	0.019444116004494246	0.04225615958565742	0.055140016009463125	0.07203053185129377	0.11001636145556476
0.002187690	50.0	0	0.020744246996822115	0.044109340545529924	0.05713634138403209	0.07464812848399197	0.11360164521980384
0.002187690	51.0	0	0.0218207171190401	0.045826330769216474	0.05917756487084051	0.07713207430818012	0.11715499344038496
0.002187690	52.0	0	0.022215909490864647	0.04741979958949131	0.06137241436469698	0.07974905381102806	0.12154452847740015
0.002187690	53.0	0	0.022642858361894464	0.0493377544074044	0.06362945719532268	0.08289186396043532	0.12403024550866314
0.002187690	54.0	0	0.023779753760217064	0.05149451697672892	0.06581649913318426	0.08552982446841081	0.12749652604378317
0.002187690	55.0	0	0.025066819414862294	0.05359140782650096	0.06812346751121126	0.0886601092795722	0.13093835509350565
0.002187690	56.0	0	0.026400208166061905	0.055375932578787396	0.070502269435347	0.09173233794665245	0.1351117181631259
0.002187690	57.0	0	0.02740597856694298	0.05741842904969208	0.07291233567826744	0.09433437919997455	0.13952793322010512
0.002187690	58.0	0	0.02892548495307595	0.05932882765803544	0.0757320593566746	0.09728774140202215	0.14343835090127846
0.002187690	59.0	0	0.029863860902037305	0.061352141725597	0.07826790477760671	0.1003715273987408	0.1469407497117523
0.002187690	60.0	0	0.030830821138075535	0.06316554461313244	0.08086690376559992	0.10384252760881707	0.15173322129301103
0.002187690	61.0	0	0.03233678069186757	0.06570073146701595	0.08348399473600357	0.10767310953806576	0.15662176237534883
0.002187690	62.0	0	0.03393687543985808	0.06823225041943096	0.08614266737643025	0.1110621450815433	0.16184493702910754
0.002187690	63.0	0	0.03596874478976416	0.07002704221865172	0.08892089920189022	0.11447654404048786	0.16660234808849225
0.002187690	64.0	0	0.037358938845316846	0.07240701706466401	0.09151807172685819	0.11809052166703958	0.17166034033827063
0.002187690	65.0	0	0.038731589209978025	0.0744649017625426	0.09436023707229363	0.12133289336105457	0.17681733370899502
0.002187690	66.0	0	0.04012890153575011	0.07700561626226265	0.09735525261985875	0.1249174970351134	0.18106103760463188
0.002187690	67.0	0	0.041353896247158184	0.07951360951162689	0.10032897829616236	0.1282379781183634	0.1871893314477902
0.002187690	68.0	0	0.042406107949095585	0.08195931269198128	0.10342637546599948	0.13153108470884176	0.19237649144550883
0.002187690	69.0	0	0.04356761294270787	0.08450065988378354	0.10656668474780555	0.13535190269496972	0.19744390308349935
0.002187690	70.0	0	0.0449070063246454	0.08700319366843096	0.10970082527245494	0.1393429146615311	0.2024344247237991
0.002187690	71.0	0	0.04641341804488455	0.08930315560460962	0.11281335996547964	0.14331752575298906	0.20749287364657404
0.002187690	72.0	0	0.048127565291873904	0.09211355045143912	0.11607406159688378	0.1475307325884273	0.21264919341393895
0.002187690	73.0	0	0.05002601229142182	0.09469347926362078	0.11940293691046286	0.15159145977667218	0.21605265203039536
0.002187690	74.0	0	0.05175749925506125	0.09747327973105264	0.12271306894171444	0.1553108659832092	0.22155508491461123
0.002187690	75.0	0	0.053433455355101835	0.1002221519024962	0.1261346360493929	0.15956178882185457	0.2271815112330979
0.002187690	76.0	0	0.05524774865136187	0.10332113328683179	0.1297812846698887	0.16354565312910835	0.23293826040418844
0.002187690	77.0	0	0.057238103279649025	0.10612033060170245	0.13296850344963346	0.16748992033808252	0.2388321864293351
0.002187690	78.0	0	0.05942800598418249	0.10878911284277117	0.13631114869146804	0.17167509057127123	0.24489366016211095
0.002187690	79.0	0	0.06166108769531982	0.11181129466313128	0.14012048894336307	0.17578200834786606	0.25113826038587184
0.002187690	80.0	0	0.06413167888499084	0.11520690497572326	0.1437741937114871	0.18007564202638726	0.2572248679813581
0.002187690	81.0	0	0.06595459263486202	0.11855948449380196	0.14714743796908764	0.18449739124219836	0.26327530443528235
0.002187690	82.0	0	0.06769418138603336	0.12181740689495978	0.15106435727216472	0.18919278394481626	0.26932765875750125
0.002187690	83.0	0	0.06980263262287807	0.12506840015632814	0.15518272918851644	0.19350447430939183	0.2754156331297833
0.002187690	84.0	0	0.07188210548867578	0.12827190975361982	0.1587652226932128	0.19803984629015473	0.28155408229636186
0.002187690	85.0	0	0.07427116283552206	0.13149744527466228	0.16240358220542578	0.2023715439015481	0.2877582277921516
0.002187690	86.0	0	0.07678065321279474	0.1351334888620768	0.16588059690226148	0.20734543233133365	0.2940368991396108
0.002187690	87.0	0	0.0785472757756869	0.13838190617354335	0.17003627347300734	0.21223259175484613	0.300383458896015
0.002187690	88.0	0	0.08020532057449102	0.14166864074507973	0.1735559426906223	0.21676842279535713	0.3069934793309917
0.002187690	89.0	0	0.08286356033303215	0.14488939400924372	0.17787378205432658	0.2216196698595225	0.31345247173375523
0.002187690	90.0	0	0.08600448590622968	0.14844127344000502	0.18224735560623007	0.2264148174830795	0.31962491610631616
0.002187690	91.0	0	0.08916829886636586	0.15176037681797855	0.18670564118124477	0.23145916522338203	0.3260549494120438
0.002187690	92.0	0	0.09234681591829746	0.15536576477952294	0.1907006074136181	0.2361558110508292	0.3325212951129783
0.002187690	93.0	0	0.09439498160857385	0.1589763474571032	0.19471080439554794	0.24100819855742622	0.3390145317469174
0.002187690	94.0	0	0.09654411513617407	0.16264711725263947	0.19935706746710563	0.24525786856464693	0.3455218794516113
0.002187690	95.0	0	0.09890864717738357	0.16635589537489462	0.20379712323117272	0.250309994590026	0.35204696699952054
0.002187690	96.0	0	0.10143022287435399	0.17038995182356803	0.20818256330980228	0.2560839591169236	0.358599381139622
0.002187690	97.0	0	0.10341589336820987	0.17445274125251017	0.2130419146399467	0.26120359266877585	0.36517946053583306
0.002187690	98.0	0	0.10544137574147502	0.17835178995175605	0.21759045885154696	0.2670181206156155	0.3717885774889373
0.002187690	99.0	0	0.10910482520055814	0.18220302046639378	0.22210808131921717	0.27174218277031786	0.37845219991763396
0.002187690	100.0	0	0.11282491995017287	0.18585381132719977	0.22683027305522885	0.27663351914917267	0.38535210094239136
0.002187690	101.0	0	0.11587675240906091	0.190767943037644	0.23197951460603666	0.28159968415610465	0.39204055186738285
0.002187690	102.0	0	0.11864364708528011	0.19500279982177254	0.23660425202096144	0.28680234641865726	0.39852052192982335
0.002187690	103.0	0	0.12086913026987653	0.19906579810099712	0.24143394482502592	0.29226580370030264	0.4062353799667012
0.002187690	104.0	0	0.12375286174907289	0.20336745159996691	0.24610819158442027	0.2978038593418846	0.41362282686300356
0.002187690	105.0	0	0.12594526695334582	0.20727344643049264	0.25100906885149354	0.30393421944069965	0.421176136053625
0.002187690	106.0	0	0.12814113128556093	0.21117143728284724	0.2559542863893808	0.3095213666261167	0.42882978253848525
0.002187690	107.0	0	0.13065414012459675	0.2151581815285042	0.2605727908859704	0.3156689439374272	0.436518236831104
0.002187690	108.0	0	0.1344623514678277	0.21925136350838376	0.2659803936249676	0.32156910666366384	0.44422666279214224
0.002187690	109.0	0	0.13878870298943932	0.22337305834176785	0.27140942844427085	0.3275689627702985	0.4519335943592829
0.002187690	110.0	0	0.14292585789874604	0.22792877285439705	0.27663926817006046	0.33303072711713444	0.4595685612588744
0.002187690	111.0	0	0.1475354100482278	0.2323707323447559	0.28189854973857453	0.3383537344711467	0.46612792921062485
0.002187690	112.0	0	0.1518751956735063	0.23660562803371182	0.2869786715882735	0.3445946848455662	0.47283987671465205
0.002187690	113.0	0	0.15457737445498632	0.24134386416913492	0.2925328029136682	0.3512650766320321	0.47971973848523214
0.002187690	114.0	0	0.15826777437632902	0.2457902260097229	0.2973442955702502	0.35768444823366946	0.48678145989341615
0.002187690	115.0	0	0.16180241571651566	0.25042084037002277	0.3024088219772201	0.3634654121933502	0.4942696025814902
0.002187690	116.0	0	0.1658179680856173	0.25543646909611645	0.3075656737439883	0.3695780943055041	0.5027250830883419
0.002187690	117.0	0	0.16846114478042687	0.26043131454059915	0.31308641040149177	0.37493422846112673	0.5112131290355337
0.002187690	118.0	0	0.1718413467249062	0.26514380606574467	0.3185644586007831	0.38117094118212647	0.5191837737241786
0.002187690	119.0	0	0.17530961856638935	0.27007021270591597	0.3234064003994383	0.38780316240992546	0.5280359423654698
0.002187690	120.0	0	0.17889727270851125	0.2747705968171511	0.32897785158169573	0.39383306801387585	0.5354488900847496
0.002187690	121.0	0	0.18262518428794108	0.2792211495850406	0.33453534216918757	0.4001813976939196	0.54286002125816
0.002187690	122.0	0	0.18649150374954349	0.2838634357535677	0.34119921896798	0.4064277933864596	0.550272583489241
0.002187690	123.0	0	0.19049530414454363	0.2881963462692004	0.3469923688080949	0.41365001520814737	0.557691244019509
0.002187690	124.0	0	0.194314065526116	0.2932807692416371	0.3529042575421295	0.4206348276527322	0.5673802074812232
0.002187690	125.0	0	0.197781351683335	0.29812347842846565	0.3589057188039184	0.4274591694821777	0.577656705393762
0.002187690	126.0	0	0.20114732369764168	0.30317279444807127	0.36530276236644066	0.43389246888202737	0.5868902704888422
0.002187690	127.0	0	0.2044452100754189	0.30812080976621536	0.3712542208171978	0.43978485672534207	0.5949450872454481
0.002187690	128.0	0	0.20825718064928053	0.31301947427435595	0.3765416380435854	0.446424182889532	0.6030405930335777
0.002187690	129.0	0	0.21314580533247632	0.31793486732997517	0.3830275534355716	0.4528450406057822	0.6112469015812272
0.002187690	130.0	0	0.21725944423851154	0.32321659782853973	0.3885780226684231	0.4586856679112928	0.6190547859717066
0.002187690	131.0	0	0.22101918356831507	0.3290904798027323	0.3947860125224932	0.464935864337524	0.6262834815830876
0.002187690	132.0	0	0.22460597098120996	0.33479759214865	0.4007812134716987	0.47158593798818493	0.6345775338830328
0.002187690	133.0	0	0.22776022357095085	0.33988882012646965	0.4073591841961364	0.4784414470286876	0.6435650256518802
0.002187690	134.0	0	0.23098072383625917	0.3452136293699451	0.41359306400837775	0.48469311815690874	0.6525819073452107
0.002187690	135.0	0	0.2348659731693672	0.3510382847549106	0.41917661989167987	0.49214971177588707	0.6616310474155891
0.002187690	136.0	0	0.24018152826463413	0.35630702418448146	0.426006002001126	0.49992892962682717	0.6706955539757419
0.002187690	137.0	0	0.24387082716434358	0.362079383711055	0.4333897612503401	0.5071818605195275	0.6797499708246258
0.002187690	138.0	0	0.24700106988416845	0.36838069259964784	0.43973680752221583	0.514311408799694	0.6887752107014026
0.002187690	139.0	0	0.2508566872574204	0.3736630441133826	0.44590660208211114	0.5213254109190726	0.6977935112504808
0.002187690	140.0	0	0.2552852680397854	0.37881844203523257	0.4518998382323499	0.5283357345398056	0.7068209330947628
0.002187690	141.0	0	0.2596643556496527	0.385063257721035	0.457877357541889	0.5356739300170739	0.7158838342003051
0.002187690	142.0	0	0.2628336748335463	0.3898971088294123	0.46502436153025284	0.5431355355888203	0.7250029185915399
0.002187690	143.0	0	0.266101820578881	0.3958791340008414	0.4716437846538431	0.5506910783394215	0.734201149586769
0.002187690	144.0	0	0.26949804838566915	0.4026410214670223	0.47819113008679076	0.5585338606483452	0.7435030743136194
0.002187690	145.0	0	0.2730508696529451	0.4088386316491215	0.4852185730764347	0.565082060964281	0.7529270624862943
0.002187690	146.0	0	0.27681597561514215	0.41400865220446526	0.4912630070309574	0.573147586414938	0.7624790898507213
0.002187690	147.0	0	0.28208565478537473	0.4195282366679237	0.4978840184166392	0.5805070794690262	0.7721551702033879
0.002187690	148.0	0	0.28684231819339084	0.4245709625758348	0.5052139742303292	0.5895317947257241	0.7824553283073254
0.002187690	149.0	0	0.2916201253264337	0.4307647451814657	0.5126074140290249	0.5981165042971766	0.7932671532496118
0.002187690	150.0	0	0.2964619689535211	0.4368415231593242	0.5200468429020841	0.6053389527290863	0.804334325589989
0.002187690	151.0	0	0.301405768634781	0.4426243207584957	0.5270530308182085	0.6134355205996822	0.8133294652414542
0.002187690	152.0	0	0.3064948657549461	0.4485388867342206	0.533945119444494	0.6214450134733283	0.822030132709056
0.002187690	153.0	0	0.3117503683369675	0.45509819664818474	0.5407470295587398	0.6302072082897406	0.8315081476519701
0.002187690	154.0	0	0.3171448559241596	0.461413442644588	0.548059868348082	0.638690534287898	0.8415500679010023
0.002187690	155.0	0	0.32181018036425413	0.4676878296697311	0.5554670059611706	0.6470383077085722	0.8520780513236288
0.002187690	156.0	0	0.3264484129051142	0.47311611134548953	0.5620515234316152	0.6553041484495166	0.8632083639696182
0.002187690	157.0	0	0.33189914603400683	0.47871597506720315	0.5693720659333371	0.6635572027973747	0.8739742047433009
0.002187690	158.0	0	0.3364450895262125	0.4852337840079527	0.5770319080402523	0.6718040869892012	0.8845353744143809
0.002187690	159.0	0	0.341508510247942	0.49194171851142726	0.5846473832595895	0.6800134946604065	0.8947341761693239
0.002187690	160.0	0	0.3467188502730613	0.49872347288363367	0.5917365903502924	0.6881813121199565	0.9052112028719117
0.002187690	161.0	0	0.3520704590058316	0.5055094112160656	0.5988758576845729	0.6965075770631629	0.9147593061131153
0.002187690	162.0	0	0.3574347974661686	0.5118132693949109	0.6057817111451109	0.7052947295921445	0.9241893330968093
0.002187690	163.0	0	0.36272558369688696	0.517998704676651	0.6130548339642237	0.7136982027924851	0.9333910270217868
0.002187690	164.0	0	0.3679465864705155	0.5243741437756879	0.6202593485049335	0.7214787444070127	0.9431980510574728
0.002187690	165.0	0	0.3733698692160088	0.5303506598473613	0.6274899374598064	0.7303274387973749	0.954158556527059
0.002187690	166.0	0	0.3787582140393638	0.5368227945344188	0.6349093276033905	0.7388921723008895	0.9650965444539975
0.002187690	167.0	0	0.38284413678985285	0.5429958263836387	0.6427989917364088	0.7473201009803061	0.9757346216189758
0.002187690	168.0	0	0.38800953160674645	0.5494448205278128	0.6500556134092479	0.7562773023219657	0.9862944616897581
0.002187690	169.0	0	0.3931777290655877	0.5561230691853986	0.657319486697826	0.7654376743063818	0.9969831745165112
0.002187690	170.0	0	0.39837732033581136	0.5628562916121236	0.6644322056749052	0.7744182638038382	1.0087223855867273
0.002187690	171.0	0	0.40359999825275983	0.5696087721288594	0.6722529997630976	0.7831223242896685	1.0196549837714322
0.002187690	172.0	0	0.4088577932762151	0.5768027304633296	0.6803521531760255	0.7918596592248413	1.030564140795749
0.002187690	173.0	0	0.4154132653710889	0.5830803145911626	0.6885157974344814	0.8006940119413213	1.0415243749920735
0.002187690	174.0	0	0.4209415296619987	0.5899630094856366	0.6976293215660981	0.8094393150219288	1.0525212684912948
0.002187690	175.0	0	0.4261552526804037	0.5967546222216645	0.7049024827622201	0.8188686071059242	1.0629500815990358
0.002187690	176.0	0	0.43138266387414204	0.6036683427671324	0.7130272328474873	0.8277283129468431	1.0733807695248538
0.002187690	177.0	0	0.43660534844775356	0.6112690584604169	0.7213195698136341	0.8368172469831561	1.0838124488249183
0.002187690	178.0	0	0.4417779726571975	0.6186438832276956	0.7294382075844892	0.8461323435256337	1.0942445974611195
0.002187690	179.0	0	0.44693694742964507	0.6267725578139038	0.7373301244276933	0.8554524016076157	1.1056009763037014
0.002187690	180.0	0	0.45208067498018234	0.6340566663434423	0.7455563417607562	0.8648000062886674	1.1184101195836054
0.002187690	181.0	0	0.45720967475953805	0.6411725270778166	0.7536695047785016	0.8737410282395106	1.1310076545509127
0.002187690	182.0	0	0.46232490763634976	0.6484514477672825	0.7616892800104236	0.8824205004894983	1.1424077387498737
0.002187690	183.0	0	0.4676939371334615	0.655873281724741	0.7692585596222872	0.8906733617375175	1.1536585335684069
0.002187690	184.0	0	0.47366141800132133	0.6630616731020583	0.7782874077879924	0.900189749546599	1.1647826940227548
0.002187690	185.0	0	0.479611557117924	0.6699933057538309	0.7869492138777214	0.9106392430304483	1.1753699378315938
0.002187690	186.0	0	0.48553061904899825	0.6771779783681928	0.7951090196177367	0.9194951945067655	1.185954107405556
0.002187690	187.0	0	0.4914887197711903	0.6839837411445161	0.8037711449249149	0.9291791233497242	1.1965377957558303
0.002187690	188.0	0	0.4974294271359232	0.6910241238519148	0.8130230296596508	0.93922823952081	1.2071235108528053
0.002187690	189.0	0	0.5033333857667185	0.6985312164328517	0.8218044015456607	0.9490197920048862	1.218734306233051
0.002187690	190.0	0	0.5082470544082485	0.705970930831751	0.8307708105160094	0.9591899749326019	1.2312149964784809
0.002187690	191.0	0	0.5131910283286736	0.7134574721232897	0.8396478416077604	0.9700889176626588	1.243927243455285
0.002187690	192.0	0	0.5181884217052841	0.721300808404039	0.8483743684348439	0.980160944043222	1.2568763187939729
0.002187690	193.0	0	0.5232705989189335	0.7291583361647378	0.8569311289270376	0.9909516761339277	1.2699481250123195
0.002187690	194.0	0	0.5285966903574377	0.7364252759592315	0.8660104015198862	1.0018992459324858	1.2822676856811952
0.002187690	195.0	0	0.5341195557540732	0.7439526062169348	0.8749466899943764	1.0113751370574544	1.2935549637835837
0.002187690	196.0	0	0.539713005086206	0.7519019120410476	0.884030390756412	1.0206050816667958	1.3060133970115972
0.002187690	197.0	0	0.5453707133843002	0.7602968197744058	0.8929902210678923	1.0306067455325518	1.3185449285944277
0.002187690	198.0	0	0.5510884589724266	0.7689004530791865	0.9018266384742861	1.0409346681203258	1.3317099852856815
0.002187690	199.0	0	0.5568609354058968	0.7766926518299837	0.9109820324903783	1.0516428104668676	1.3449072069591301
0.002187690	200.0	0	0.5626816748922331	0.7847249613803523	0.9206497563843825	1.0630653792935298	1.3580631712901037
0.002187690	201.0	0	0.5685441120671586	0.7928201031853706	0.9306673059759186	1.0741162716794679	1.3699777259306285
0.002187690	202.0	0	0.5738400375811782	0.8009648137640081	0.9407456910557053	1.0840315044337998	1.3819630183636662
0.002187690	203.0	0	0.5790865800442946	0.80872253662217	0.9499184585323069	1.0953503694809335	1.39399993991587
0.002187690	204.0	0	0.5848711575834343	0.8173528293986787	0.9586000688497567	1.1062995514275138	1.4060983933760098
0.002187690	205.0	0	0.5916231277571637	0.824806029263306	0.9676780326387096	1.1165898606870697	1.4182623111596104
0.002187690	206.0	0	0.5981347854179149	0.832899540874039	0.97744689182622	1.1265511062707296	1.4304996812850963
0.002187690	207.0	0	0.6041894825265355	0.8415156554082379	0.9872917364441586	1.136588625812483	1.4428274919334587
0.002187690	208.0	0	0.610322442636483	0.8505390303448382	0.9971072175529576	1.146751976183414	1.4552714889569487
0.002187690	209.0	0	0.61650721240581	0.8594171139600333	1.0067420324021874	1.1574325165636576	1.4677858116582774
0.002187690	210.0	0	0.6227158803262837	0.8682054056663702	1.0162441114327345	1.1685540834282697	1.4803802240380013
0.002187690	211.0	0	0.6289345324318414	0.8762130753354437	1.025952509582514	1.1799899654242685	1.493002622606266
0.002187690	212.0	0	0.6351616498570826	0.8845437299208455	1.036117889579043	1.1918293632897168	1.5068398848268307
0.002187690	213.0	0	0.6414009209152053	0.8938918104495714	1.0470931644277834	1.2026890775530292	1.5218075538467348
0.002187690	214.0	0	0.6476580208162915	0.9021200587523935	1.057824706862422	1.2137626602298295	1.534746479128644
0.002187690	215.0	0	0.653916751601419	0.9109224259707911	1.0674297398980728	1.2252607017416568	1.5471712880294335
0.002187690	216.0	0	0.6601176622784878	0.919674551442317	1.0766466074546592	1.2358431749362615	1.5596040339768775
0.002187690	217.0	0	0.6661825000860112	0.9271943269175565	1.0866338897810561	1.2475427730894966	1.57218613702584
0.002187690	218.0	0	0.6719604135301195	0.9357099215170106	1.0960158374615339	1.2589624452757926	1.5860585211413845
0.002187690	219.0	0	0.6777471558931366	0.9449790900328453	1.105149972541854	1.2688044576800395	1.5993941989742033
0.002187690	220.0	0	0.683544326315694	0.9531837892993646	1.1149977312522972	1.2791865165144367	1.611928192585274
0.002187690	221.0	0	0.689364487226657	0.962120186807347	1.124203073505001	1.290350986679477	1.6247827250089655
0.002187690	222.0	0	0.6952251702335417	0.9704236829367812	1.133006114208624	1.3024170787422953	1.6381847762743005
0.002187690	223.0	0	0.701152452808447	0.9786714408040994	1.1424512661884596	1.3133322279897925	1.6513382834800538
0.002187690	224.0	0	0.7071809005613929	0.988216088893752	1.152606202181028	1.3239204923861587	1.664842053361551
0.002187690	225.0	0	0.7133435379393227	0.9974285587442082	1.162805324986068	1.3349390958724598	1.678395389734977
0.002187690	226.0	0	0.7190768686455434	1.0066082198411175	1.1719301144823584	1.3451914208628182	1.6920331693112023
0.002187690	227.0	0	0.7248416252441986	1.0154151495697903	1.1820756888927395	1.3564281012636912	1.705806141405663
0.002187690	228.0	0	0.7306748224890015	1.023516343379762	1.192829593798063	1.3668310730354842	1.7195992291084183
0.002187690	229.0	0	0.7374043125562613	1.0318601252167936	1.2034624429024472	1.3776347270885303	1.7331661891616386
0.002187690	230.0	0	0.7443639764207949	1.0396516086932448	1.2140327901616899	1.3903572456404159	1.7467038093814888
0.002187690	231.0	0	0.751323390460882	1.0477333054114586	1.2235832180979862	1.4031064937433508	1.7590975966666085
0.002187690	232.0	0	0.7588906976645792	1.0568691133971566	1.2328176442504455	1.4140792479396498	1.7720200324299482
0.002187690	233.0	0	0.7666094790948633	1.065973362483464	1.2424388517651146	1.4247222325733162	1.7867395966590367
0.002187690	234.0	0	0.7742392626431366	1.0749184992755303	1.2519975825621097	1.4358360956026621	1.8010027384848668
0.002187690	235.0	0	0.7815067780698518	1.084373906137182	1.2621033832275141	1.4474153684543802	1.814652351512888
0.002187690	236.0	0	0.7887813026868159	1.0932777991934821	1.2724245688184164	1.458939152774036	1.8283401129181296
0.002187690	237.0	0	0.7959972290698268	1.1015016120982903	1.2820503712181364	1.4708887036125644	1.8420842176495404
0.002187690	238.0	0	0.8026030394797232	1.111009522135635	1.2926584097448541	1.482723913321002	1.8572094574812077
0.002187690	239.0	0	0.8092071080447487	1.1218282138416678	1.3031237753512026	1.494606156613394	1.872174608737472
0.002187690	240.0	0	0.8158107863184276	1.131311959417401	1.3135180973915896	1.5061635238161857	1.887186485641917
0.002187690	241.0	0	0.8224176258634228	1.1408047913627977	1.323962827916691	1.5185005048762732	1.902280197183241
0.002187690	242.0	0	0.8290358097637581	1.1500647851060726	1.333854367420694	1.5307265700330526	1.9174991977533469
0.002187690	243.0	0	0.8357403218603475	1.1597181822110578	1.3451267333917545	1.5424756913845563	1.93286849028615
0.002187690	244.0	0	0.8424969161410071	1.1689397921270703	1.3551237551531146	1.5561036565812485	1.9483396692104296
0.002187690	245.0	0	0.8493190022402825	1.1781095566710846	1.3651183585728008	1.5682159023357904	1.962993282925832
0.002187690	246.0	0	0.8575984897430311	1.187435442964622	1.375514978736347	1.580767338177726	1.9766338545679327
0.002187690	247.0	0	0.8661707532915265	1.197833817286654	1.3861275895505696	1.59297091661518	1.990305764170673
0.002187690	248.0	0	0.8747377930884385	1.2082718173408857	1.3965625838741373	1.6052806021242614	2.00401061171922
0.002187690	249.0	0	0.8833012608156107	1.2177171883218867	1.4064491922751623	1.618696191488458	2.0177486854095816
0.002187690	250.0	0	0.8918637342918202	1.2266813765575781	1.416204842417483	1.6312726947126215	2.0315181646284195
0.002187690	251.0	0	0.9004284786236922	1.23588756138823	1.4265048322612093	1.6425943342042642	2.0459087217517076
0.002187690	252.0	0	0.9089476707868289	1.2446942118256994	1.4375207460819208	1.6539677054967852	2.0612808252191788
0.002187690	253.0	0	0.9164957914866424	1.2539921166083325	1.4482456602623475	1.6655367172453115	2.0767048374579025
0.002187690	254.0	0	0.9240752459185103	1.2639615428251258	1.4595739785327642	1.6769668976789065	2.0921373578231495
0.002187690	255.0	0	0.9317026217212994	1.2745440098525949	1.46942631778581	1.6881655037100005	2.107515897487052
0.002187690	256.0	0	0.939408150673705	1.2844261606760154	1.479644494834821	1.7000481643394427	2.12282583669801
0.002187690	257.0	0	0.9471927446886935	1.2949233359127494	1.4899406640959567	1.7121283745815497	2.1380510106553476
0.002187690	258.0	0	0.9550359771433982	1.3055248150531962	1.5011356253897254	1.7245519874791972	2.1531850239581454
0.002187690	259.0	0	0.962933461239636	1.3163623018568646	1.512703811107671	1.737628355968528	2.16827826078271
0.002187690	260.0	0	0.9708587744523535	1.3272127596179906	1.5245602931169007	1.7515631846082789	2.1833528855123996
0.002187690	261.0	0	0.9787944498770615	1.3382648191258106	1.5356417082533118	1.7637747597601843	2.1983944126138377
0.002187690	262.0	0	0.9867479979116835	1.3485445027520484	1.5469360102861467	1.775434392260404	2.2127917020204393
0.002187690	263.0	0	0.9943500319986964	1.3592397863259609	1.5589958173864966	1.7890471762195626	2.22678281711423
0.002187690	264.0	0	1.0018567263672056	1.3704572926781953	1.5704543918297689	1.8033715285115375	2.242042999032946
0.002187690	265.0	0	1.0093154974461624	1.3813142689102196	1.5811850170986237	1.8154949683856767	2.257652363283662
0.002187690	266.0	0	1.01671852204682	1.3913962236999597	1.5917234573377739	1.8270629765060522	2.272982432528875
0.002187690	267.0	0	1.0240878787133902	1.400882143360348	1.6029987252880615	1.839549357402788	2.28783803603291
0.002187690	268.0	0	1.0314536004411194	1.4101817305676887	1.6148830697131769	1.8524884448030745	2.3026911352527417
0.002187690	269.0	0	1.0392642115429196	1.4201553557143332	1.6262816588024418	1.8652924590245223	2.317540954528153
0.002187690	270.0	0	1.0481610787888047	1.4306822506624073	1.6382790735740433	1.8776782580911986	2.3323842517487137
0.002187690	271.0	0	1.0571379406266594	1.4399025599393895	1.6499417827512526	1.889711093644601	2.3475320038781455
0.002187690	272.0	0	1.0662244050113543	1.4508162534967532	1.6616492432857268	1.9018656145453763	2.364741796058674
0.002187690	273.0	0	1.0754599463349568	1.4620268425367844	1.6737558414558178	1.9140877061401027	2.3795162464883624
0.002187690	274.0	0	1.0848768609997888	1.4724220290245402	1.6855703710760688	1.9262955099803598	2.3943385741834122
0.002187690	275.0	0	1.0944430732516761	1.4820261283053033	1.6974580132716595	1.9384066838906713	2.409282861054509
0.002187690	276.0	0	1.1040677446028948	1.4916272564291422	1.709969664974263	1.9498812095759568	2.4261830260090864
0.002187690	277.0	0	1.1135074588759795	1.5018761553971909	1.7224396521937186	1.9606581123257	2.442801367374358
0.002187690	278.0	0	1.1229173728464987	1.5130340149153914	1.7349299101842401	1.9733963975080155	2.4575637420431105
0.002187690	279.0	0	1.1323770226973242	1.5230456113741506	1.7464652336417088	1.986592572429844	2.472899705420745
0.002187690	280.0	0	1.1418597383283757	1.5328134455591194	1.7584983521424276	2.000937094088264	2.4889816912401974
0.002187690	281.0	0	1.1511634274295879	1.5425884752456471	1.77065195655344	2.014185881317463	2.5049658325563953
0.002187690	282.0	0	1.1605057138602188	1.552468461907755	1.7826045630843224	2.0268568833833096	2.5208249150146647
0.002187690	283.0	0	1.1698686976540809	1.5621683461170304	1.7950171107186288	2.0413236845114664	2.5366696486325466
0.002187690	284.0	0	1.1792412727904538	1.5729793560454273	1.8064665096924652	2.054934182776221	2.552558786992564
0.002187690	285.0	0	1.1886168960777947	1.583670542908047	1.8176407975271163	2.0677213826376812	2.5685385646509844
0.002187690	286.0	0	1.1979925323784089	1.594604210095071	1.828909733459438	2.082104988395151	2.584641398547285
0.002187690	287.0	0	1.2059527193196014	1.6051115099958482	1.8404272336547036	2.0962139882907103	2.6008394553871628
0.002187690	288.0	0	1.2129409032395577	1.6166047036231013	1.8519562560466167	2.1096729397620075	2.6170616290096342
0.002187690	289.0	0	1.2200176656104584	1.6279234198940653	1.8634992552722978	2.123144212430778	2.633280186167479
0.002187690	290.0	0	1.2268870296907257	1.6382645989904177	1.8753190286899284	2.1365627342022964	2.649492622523789
0.002187690	291.0	0	1.2339072781929383	1.648946193181822	1.8874383184219854	2.150651744177037	2.66690146807497
0.002187690	292.0	0	1.2432370792158078	1.661918060375475	1.8991799961036908	2.1633663122234323	2.6845190744246117
0.002187690	293.0	0	1.2530317629568146	1.6734868311665883	1.912438904080989	2.1767998722611526	2.7031720804905426
0.002187690	294.0	0	1.2628930451943492	1.6851190365353441	1.9253554034057854	2.1902558717055753	2.722001233668494
0.002187690	295.0	0	1.2717512292916942	1.6968575540431377	1.9372806713121746	2.2063097658959965	2.7407273155348486
0.002187690	296.0	0	1.2786652407174648	1.7072749055064649	1.9496763237720187	2.2219999192162065	2.7593088549529967
0.002187690	297.0	0	1.2856273619777605	1.7175144563289755	1.9627047597308027	2.235786097387835	2.777763863010396
0.002187690	298.0	0	1.2926091217806635	1.727765583886581	1.975679947102671	2.249565635045614	2.7961421635394093
0.002187690	299.0	0	1.2999222329801858	1.7380659834192063	1.9880350306931742	2.262839439980783	2.814468061900944
0.002187690	300.0	0	1.3101542053294657	1.7496108278840978	1.9998328797132041	2.2781019639517552	2.8327486880734094
0.002187690	301.0	0	1.320500755178315	1.7616643414976882	2.011442744149233	2.291914890944899	2.8509857739551823
0.002187690	302.0	0	1.3309067264246388	1.7736040879053303	2.0245838150646396	2.305946203605931	2.8691873612183967
0.002187690	303.0	0	1.3413503913471512	1.7850323706913074	2.036177485191854	2.3204026468013224	2.887438116989978
0.002187690	304.0	0	1.3518797603178958	1.797406773935464	2.0480308033996524	2.334669411190334	2.905785751570646
0.002187690	305.0	0	1.3624359272066384	1.8095067367060382	2.060194850975423	2.348970270833196	2.9221971566919933
0.002187690	306.0	0	1.3730069679584198	1.8215388097623548	2.072496632600733	2.3629058690544738	2.9374403602255823
0.002187690	307.0	0	1.3834252326813912	1.8334349925866928	2.0860738907212064	2.3776862986556937	2.9558965902911343
0.002187690	308.0	0	1.3939050726536877	1.845481074890734	2.099044529005902	2.3919723486892557	2.9743364164213895
0.002187690	309.0	0	1.4044698275452943	1.8565385993089785	2.1111081507831573	2.4063664991315195	2.992741968257278
0.002187690	310.0	0	1.4151333093624607	1.8673282953894539	2.1244352545663743	2.420565846804993	3.011120560371921
0.002187690	311.0	0	1.4258921724803935	1.8792029802022467	2.138190523184797	2.434662654879727	3.0295115598956412
0.002187690	312.0	0	1.4367229250436448	1.8920150746173117	2.1505618624219807	2.448372890050801	3.04794865531579
0.002187690	313.0	0	1.4475799772699713	1.9038390384206165	2.163015497968783	2.4626535240133594	3.065910463898013
0.002187690	314.0	0	1.458437382748233	1.9151355971872093	2.1754780001566028	2.477346368422812	3.0831242047725076
0.002187690	315.0	0	1.4690394650200858	1.9269326305868575	2.1879573138906565	2.4916969366087556	3.100597269368435
0.002187690	316.0	0	1.4786208019774905	1.9398877334522366	2.200465345269471	2.505627703571265	3.1196105625089587
0.002187690	317.0	0	1.4882160376806033	1.9515507850246974	2.2130173427073547	2.519428080960572	3.1385858926037136
0.002187690	318.0	0	1.49697342521323	1.9633509891089838	2.2256279227097884	2.534366321468956	3.1575019571717813
0.002187690	319.0	0	1.5050902787881137	1.974036305961199	2.2383779530991035	2.5475984978511597	3.176339462491667
0.002187690	320.0	0	1.5132069202062157	1.9849478619458343	2.2525547804334587	2.5614204806347782	3.1951481784652143
0.002187690	321.0	0	1.5213233176354377	1.9962086171054914	2.266163068232479	2.5777539758726427	3.213941209977371
0.002187690	322.0	0	1.5294395071924725	2.0074297249181416	2.2793731304067277	2.5924855355090086	3.2327501042508273
0.002187690	323.0	0	1.5375555844068802	2.0191675844529264	2.292840775196277	2.606821484755927	3.2515683953467627
0.002187690	324.0	0	1.5462451146649097	2.031465740873078	2.306282934585977	2.6211983935739074	3.2692381637413335
0.002187690	325.0	0	1.5567760235145507	2.0442396060018413	2.3187783952771914	2.6366220867406516	3.286287240239763
0.002187690	326.0	0	1.566334995740755	2.0565495037701456	2.3313072106049177	2.6518603464635033	3.303330835717987
0.002187690	327.0	0	1.5745634551655088	2.068542789808826	2.3438783743793974	2.6662492957731967	3.320355705182753
0.002187690	328.0	0	1.5828082168141935	2.079787100961559	2.3567608046871023	2.68114585599358	3.3373612025177946
0.002187690	329.0	0	1.5910479076608208	2.0910913559036577	2.370187532832067	2.6975538964238472	3.3543449316790164
0.002187690	330.0	0	1.5996739644185822	2.1026034107437055	2.383159520861353	2.712478435362885	3.3713053582614876
0.002187690	331.0	0	1.6099636626050493	2.1152183335117862	2.3959402568902894	2.726350632307604	3.3915891622250727
0.002187690	332.0	0	1.6212149100068873	2.1271383813983453	2.4094462913718147	2.7404159232999232	3.412449657385948
0.002187690	333.0	0	1.6326222086356321	2.140429117184791	2.4223232668113686	2.755173132176637	3.433334306761682
0.002187690	334.0	0	1.644188780090816	2.1550452710895747	2.4355615802070556	2.7699330981201964	3.453909388106544
0.002187690	335.0	0	1.6558175892555187	2.1678260412685613	2.448448073473826	2.785815718818142	3.4712898282067295
0.002187690	336.0	0	1.6674186223730898	2.1814141460575813	2.461598779784407	2.801654895534309	3.4886898728379294
0.002187690	337.0	0	1.6788114114900181	2.194640620653823	2.474190472153751	2.8169714162882116	3.506072329511443
0.002187690	338.0	0	1.6902032565827019	2.2072587698578134	2.486726326297135	2.833956413138732	3.5234281410733463
0.002187690	339.0	0	1.7015794719645179	2.2196255511483245	2.4992822175628033	2.851502814794415	3.5407826889081866
0.002187690	340.0	0	1.7129540247817094	2.2324965332890625	2.512468513373112	2.8691028885784737	3.558135951046288
0.002187690	341.0	0	1.724326436185595	2.245579147955363	2.526041192194982	2.8862618972898724	3.5754879495624023
0.002187690	342.0	0	1.7346396352107498	2.2585607904467637	2.5395087081615983	2.902782221418744	3.5928387318550747
0.002187690	343.0	0	1.7445405338557745	2.2721429060002145	2.5527556140347674	2.9176968639314675	3.6101883865003193
0.002187690	344.0	0	1.7544741962961634	2.285065477983998	2.5663291154184105	2.9324897961839476	3.627512167623207
0.002187690	345.0	0	1.7644800896327422	2.297368645147432	2.579925661693113	2.947306313091633	3.6448294173380456
0.002187690	346.0	0	1.7746276120247413	2.3092354485195816	2.5923538120960536	2.962675460737617	3.662146477141607
0.002187690	347.0	0	1.7849567005855944	2.3222931513751623	2.6063032198709593	2.979186352212224	3.6794630880853307
0.002187690	348.0	0	1.7953896978230397	2.3346350960057314	2.6214094705370377	2.994389277630366	3.6967836066528172
0.002187690	349.0	0	1.8058885457322358	2.346462321769409	2.636549785572199	3.009045493659244	3.7141109453446886
0.002187690	350.0	0	1.816441898688686	2.3582711929805864	2.651171429475317	3.0234212497706427	3.731447955111739
0.002187690	351.0	0	1.8270248583523991	2.370397505845175	2.6644092560640993	3.0383270610933586	3.7487989887663815
0.002187690	352.0	0	1.8376151622723806	2.3823974641717607	2.6782399199259217	3.05309107987655	3.7661731353925094
0.002187690	353.0	0	1.848204433793956	2.3946873881579442	2.693533345095779	3.0687673823278194	3.7835857057979334
0.002187690	354.0	0	1.858791622043737	2.408391453921655	2.707053998994154	3.0839437671268493	3.8010588698064502
0.002187690	355.0	0	1.8693762362957005	2.4222431083615374	2.7205342106033834	3.099321044350862	3.8186207747620693
0.002187690	356.0	0	1.8799581620859136	2.4351896730936824	2.7340282755808936	3.1147096187903434	3.8362970368847864
0.002187690	357.0	0	1.890541849982042	2.448521613141029	2.748045687667349	3.130251469372649	3.854101037305873
0.002187690	358.0	0	1.9011611234300556	2.461756682102014	2.7630570255344518	3.1459947408614353	3.8720336639488
0.002187690	359.0	0	1.911765340094869	2.4733674669102674	2.777164598269378	3.1626490889451433	3.8900932710364478
0.002187690	360.0	0	1.9223443850532203	2.4846422251903593	2.7904337068036673	3.1778832070878646	3.908270183178062
0.002187690	361.0	0	1.9328903694568662	2.496375940412665	2.803796437043907	3.194415873961719	3.926544879095604
0.002187690	362.0	0	1.9433993991097962	2.509145961810363	2.8176531229909054	3.21091653256837	3.944891771792378
0.002187690	363.0	0	1.9553353815371388	2.522379982073943	2.8312811557262716	3.227458790130572	3.9632706363399572
0.002187690	364.0	0	1.96832074793554	2.5364306447765554	2.844925880448762	3.2440247454782405	3.9816582908373777
0.002187690	365.0	0	1.981312772801834	2.5505377827313405	2.859313140147795	3.2604885449411123	4.00005372238738
0.002510390	0.0	0	0.001849419706314129	0.0029103519165672095	0.0037930414518440284	0.005052556911490199	0.010357743325249332
0.002510390	1.0	0	0.002947951433936864	0.004655654091581664	0.006107866486125173	0.008152765621264591	0.01717648175973029
0.002510390	2.0	0	0.0036116855119746024	0.005741385149303956	0.007574424633753642	0.010161503406722366	0.021627400932621665
0.002510390	3.0	0	0.004058449374773808	0.0064692586914535605	0.008522375254122543	0.011430439483269786	0.02435732182435326
0.002510390	4.0	0	0.004378655351152264	0.007042835080321157	0.009199435950881046	0.01244461773676601	0.026244417640383752
0.002510390	5.0	0	0.004655823188339466	0.007474080928286359	0.009752568921017354	0.013216981353374412	0.027825670633926228
0.002510390	6.0	0	0.005016503910109029	0.00791545728683953	0.010244595326279872	0.013867856746268212	0.029248592841764457
0.002510390	7.0	0	0.0051884495688086394	0.008247169956830818	0.010743246135446652	0.014577353924320063	0.030523938038473968
0.002510390	8.0	0	0.00533600543552226	0.008613892801988205	0.011166879827475131	0.015167303628470026	0.03171280520777992
0.002510390	9.0	0	0.0054745861209282605	0.008975891007381833	0.011578702688803087	0.015702263346150012	0.03285697626087499
0.002510390	10.0	0	0.005605794977111607	0.009281322115947387	0.011883023701175142	0.01625921329160908	0.03398714633302868
0.002510390	11.0	0	0.005777108911521748	0.009623645976868005	0.012334690292911527	0.016722014218837185	0.03512744102226174
0.002510390	12.0	0	0.005989787921466097	0.009924007672610707	0.012885748655997852	0.017213500953236434	0.036233291907998254
0.002510390	13.0	0	0.006112893080186944	0.010268778594886261	0.013300715637498243	0.017727478997452355	0.037045785250555095
0.002510390	14.0	0	0.006206734504075114	0.0105903580426885	0.013743985711024725	0.018377260855037207	0.038177928078868634
0.002510390	15.0	0	0.006534454611194015	0.010912963499718552	0.014291981813076114	0.018922557649796955	0.03926953011859841
0.002510390	16.0	0	0.006703188022674359	0.011256036399965547	0.014779557914539507	0.019649885308776732	0.040322253443977246
0.002510390	17.0	0	0.006912400225421256	0.011618636937362821	0.015340980762856391	0.020370403460221592	0.04147262996421613
0.002510390	18.0	0	0.007041492167147459	0.012079622128751197	0.015963200463549723	0.021266835275336217	0.04280112821598259
0.002510390	19.0	0	0.00721175809129788	0.012535434270049443	0.01668307043442818	0.022269572482594046	0.04391569337728858
0.002510390	20.0	0	0.0073865157008110045	0.013078500748675247	0.017425079582009444	0.023124990848003513	0.04515912154756735
0.002510390	21.0	0	0.007613140967109144	0.013576590200530713	0.018143296070547568	0.02428183050643382	0.046394208321561034
0.002510390	22.0	0	0.007900588942045695	0.014217081665921361	0.019079095649003293	0.025049755235424017	0.047569332374231894
0.002510390	23.0	0	0.00802785284717923	0.014806785582973036	0.019806280443099816	0.026266423570421818	0.04888634059230274
0.002510390	24.0	0	0.008136336547019327	0.01548403603662828	0.020798318705941482	0.027555090317346934	0.05100111286453085
0.002510390	25.0	0	0.008385985874999157	0.01600484573454044	0.021731220862821244	0.028837955049796287	0.052688698373734244
0.002510390	26.0	0	0.008849305243798329	0.01675913076076444	0.022666634752977408	0.03002172638520185	0.05473851320812877
0.002510390	27.0	0	0.009462340459415734	0.017583539089099782	0.023674577346006857	0.03129392003880509	0.05610966000806829
0.002510390	28.0	0	0.009897813586011474	0.018424181743103313	0.02462056919406267	0.032670337986061955	0.057600044979058206
0.002510390	29.0	0	0.010267459032018967	0.01920168359389314	0.025782307539848354	0.034133011197087594	0.05946839717591717
0.002510390	30.0	0	0.010637112898422306	0.020239584884233032	0.02716050311284997	0.03583829744606886	0.061224789555203545
0.002510390	31.0	0	0.011124059815097209	0.021008432982933537	0.02829087307123184	0.03765910697724242	0.06303962190757205
0.002510390	32.0	0	0.011709509564097005	0.021988973182700697	0.029693866963961937	0.039387967089462475	0.06495281107216729
0.002510390	33.0	0	0.012028662839062353	0.023012068419613972	0.03107025574478681	0.04113151677362054	0.06798695642640076
0.002510390	34.0	0	0.012553416683207821	0.023959005732473542	0.03237284618598962	0.04280600533672205	0.07163895213838921
0.002510390	35.0	0	0.013039071867664455	0.025142518930934568	0.03390253402302963	0.044860764330272834	0.07471356584128878
0.002510390	36.0	0	0.013707615434643291	0.02631045439908237	0.0356796721293539	0.04686016871266641	0.07689002954838127
0.002510390	37.0	0	0.014310851206124159	0.02769444021165933	0.03734219431078718	0.0490181466705669	0.08007583361275766
0.002510390	38.0	0	0.015040104986664669	0.029044487628250758	0.0389742487740008	0.0510264972579564	0.08294627765930017
0.002510390	39.0	0	0.01575994090890813	0.030309518420765555	0.040580898614248906	0.05325603148289135	0.08411574394974984
0.002510390	40.0	0	0.01637110142266621	0.031643443945345864	0.0425955056145568	0.05572951816691475	0.0873660053835611
0.002510390	41.0	0	0.016826742755173544	0.03283041344822158	0.044281299154126735	0.057859779666271295	0.09065296451544028
0.002510390	42.0	0	0.017447638939952263	0.03415290141517963	0.04647113297833086	0.06003437507078502	0.09428153467338572
0.002510390	43.0	0	0.018334234862298186	0.03553474549164795	0.04851843474489541	0.06258583922712331	0.09891660936173487
0.002510390	44.0	0	0.019010361154280793	0.0371650284352721	0.0504257796200263	0.06509930802634217	0.10331737272741195
0.002510390	45.0	0	0.019965556418171437	0.03866154978117012	0.05240913570074594	0.06769449837798833	0.10577041111140088
0.002510390	46.0	0	0.021192704803200665	0.04021189665064941	0.05450378574341571	0.07056709773462375	0.1082435648908087
0.002510390	47.0	0	0.022086457486982396	0.04208921783835585	0.056812822624500936	0.07323216728273621	0.11229269366787054
0.002510390	48.0	0	0.022777683017076802	0.04401592089879055	0.05925154001893096	0.07594161904791452	0.11661821610106808
0.002510390	49.0	0	0.023832464218177914	0.04561564742929572	0.061616747090695034	0.07871772478625003	0.12103326584072954
0.002510390	50.0	0	0.02471829821008367	0.04718028563036119	0.0641221136260825	0.08175091812908322	0.1251151511923422
0.002510390	51.0	0	0.025790043217364465	0.049214657559604635	0.06650909332814248	0.08480250274548666	0.12974555037982163
0.002510390	52.0	0	0.027208726436648602	0.05115719971281074	0.06890433426665749	0.08805849981313818	0.13365664845518735
0.002510390	53.0	0	0.028702803132586857	0.05340303340898344	0.0716658893554036	0.09112675715875326	0.1374132009326022
0.002510390	54.0	0	0.029994345531272944	0.055464359010869616	0.07434988701101392	0.09425762299223595	0.14219249557024669
0.002510390	55.0	0	0.031462203729044215	0.05763178465028608	0.07694122056052034	0.09730321594432775	0.1466978622243779
0.002510390	56.0	0	0.03290968029266894	0.059920382436430664	0.07949863559838066	0.10067830080439955	0.15072485903073396
0.002510390	57.0	0	0.03409214994930184	0.06207844311082824	0.08206143250227962	0.10417791322322914	0.15506935502625702
0.002510390	58.0	0	0.03525807391816793	0.06470321443056941	0.08488132334220838	0.10778922778515339	0.1595462304043688
0.002510390	59.0	0	0.03659853530962548	0.06707493532528654	0.08757322626253777	0.11101263378946885	0.1641469101799769
0.002510390	60.0	0	0.038095371604156554	0.06949272095548413	0.09055105703814764	0.11383956732779545	0.16880486881702028
0.002510390	61.0	0	0.03953865208786841	0.072061789714331	0.09352712321154949	0.11696280125803547	0.17363635736973101
0.002510390	62.0	0	0.040840171924302004	0.07461861560257153	0.0966344935987359	0.12045543951244213	0.1785866742625812
0.002510390	63.0	0	0.042160523911908734	0.07710736550802884	0.09986276913638442	0.12443610448724673	0.18304143130722547
0.002510390	64.0	0	0.043566172285482214	0.07957424826994486	0.10339377676776101	0.12841838831038346	0.18792474045027777
0.002510390	65.0	0	0.044838508498985595	0.08211249469750392	0.10678431642053532	0.13203312348372434	0.19288761287935505
0.002510390	66.0	0	0.04606442398944315	0.08475792121487714	0.10975749719699601	0.1362867619384003	0.19923865842269098
0.002510390	67.0	0	0.04761423432538613	0.08729563174883817	0.11326140220820928	0.14033435247266984	0.20585681919351528
0.002510390	68.0	0	0.04961993205775767	0.09003724632724922	0.1165900731214406	0.14457619338962868	0.2121494574273307
0.002510390	69.0	0	0.05157803859947544	0.09284934619324325	0.12001180813871665	0.14864721116977425	0.21824806718123674
0.002510390	70.0	0	0.05307650880867167	0.09576521058333586	0.1235544522809709	0.15267881900660202	0.2242208105829277
0.002510390	71.0	0	0.05408653602645374	0.09858154003687852	0.12719441301243706	0.15688011758011194	0.22957993314024966
0.002510390	72.0	0	0.056561712776579724	0.10161415757213989	0.13070487812500373	0.16154663749261103	0.23564763601277153
0.002510390	73.0	0	0.059242902562268496	0.10470897039495594	0.13476372472049503	0.16569401366826667	0.24197188365231076
0.002510390	74.0	0	0.0610192487089953	0.10819796138989526	0.13809330312810808	0.17046164137980482	0.24802007941524593
0.002510390	75.0	0	0.062681325103948	0.11124860684571437	0.14176439423660445	0.17516009074785968	0.254947335038353
0.002510390	76.0	0	0.06430014375591112	0.11432803267267141	0.14587857731921872	0.17941065523347216	0.26149061898894477
0.002510390	77.0	0	0.06592447860681219	0.11776198654552932	0.1499257143275923	0.18433403819720048	0.26678496066104834
0.002510390	78.0	0	0.06746128252138063	0.120845397591047	0.15377398000690573	0.1888264695523143	0.27396832713281855
0.002510390	79.0	0	0.06968223664989685	0.1246692229010244	0.15838406831763335	0.19346624878191185	0.28142684274845126
0.002510390	80.0	0	0.07197384652102466	0.12788096028424606	0.16255558801173572	0.1979363891868132	0.28869462015092273
0.002510390	81.0	0	0.07419399373422232	0.1313932352509501	0.16675754543343485	0.20335252846230245	0.2965703154245774
0.002510390	82.0	0	0.0764138746250368	0.1345862203206468	0.17070431003318426	0.20853696419695053	0.30473893108611194
0.002510390	83.0	0	0.07904873917941183	0.1379850600909462	0.17456881611333847	0.2138950612291243	0.31078792661036037
0.002510390	84.0	0	0.08164353423146548	0.1412875976587619	0.17888699767820732	0.21913435363076814	0.31646663251546076
0.002510390	85.0	0	0.08439479921595232	0.14466686365689124	0.1830487587488018	0.22436718051650037	0.322993051080422
0.002510390	86.0	0	0.08714909044067505	0.14777285123018274	0.18728102694975157	0.22952259502163144	0.3291787235381048
0.002510390	87.0	0	0.08967895241638485	0.15141637108280942	0.19183019742931906	0.23493272102609825	0.33538078357542783
0.002510390	88.0	0	0.09128011254795856	0.15503193031307883	0.19654643961509355	0.2402740177526782	0.3433642724002033
0.002510390	89.0	0	0.09340070305361764	0.1587538393920014	0.20112176986527136	0.24592003192822043	0.3501820673884789
0.002510390	90.0	0	0.09638256850779926	0.16273871055604622	0.20604997261573282	0.25086559560954014	0.3578846413548971
0.002510390	91.0	0	0.09946506922408403	0.16689823671002166	0.2108372855373854	0.2559458677038331	0.36570291422854107
0.002510390	92.0	0	0.10261219974525182	0.17116057468982626	0.21613426476090966	0.2610143606732477	0.3736422114175479
0.002510390	93.0	0	0.10577166407543409	0.17513277045822345	0.22135616228578187	0.2663188478254769	0.38096333969139917
0.002510390	94.0	0	0.10868016425910826	0.1793615459514659	0.22673135380767873	0.2715523396385682	0.3882933423182916
0.002510390	95.0	0	0.11161957418580085	0.18393761844961753	0.23212649983404934	0.2771364669028714	0.39567662637057716
0.002510390	96.0	0	0.11457357969171443	0.18793358263885346	0.23715582521762535	0.2826546844633055	0.40417440383816505
0.002510390	97.0	0	0.11752266389666363	0.19200273244589205	0.24226731031438656	0.2890832827429337	0.4108560312518103
0.002510390	98.0	0	0.12053655237296068	0.19576389455438967	0.24753793372139243	0.2953017280018461	0.41798316591521845
0.002510390	99.0	0	0.1234033883654429	0.20002186556490475	0.252758633211378	0.30149328024254307	0.42568016146310966
0.002510390	100.0	0	0.12637876148723437	0.20417533953874512	0.2585682471795374	0.30759753703428666	0.43355190384105713
0.002510390	101.0	0	0.12942611094542444	0.20867827989472026	0.2641958374472518	0.3135551055853776	0.44200262405086455
0.002510390	102.0	0	0.13273431603931007	0.2133644410342915	0.2695347246384481	0.3196892661979181	0.4507118294974437
0.002510390	103.0	0	0.1362753006959569	0.21809105440120757	0.2751464788935299	0.32607971143526415	0.45939493511490453
0.002510390	104.0	0	0.13981281314945798	0.22311034784106368	0.28032753506322694	0.3327424246621242	0.4680659536313143
0.002510390	105.0	0	0.14336211091302878	0.22781711288077214	0.28617943719250605	0.3390637779505314	0.47648898312743215
0.002510390	106.0	0	0.14698265782827902	0.23242593747944576	0.29229680250669887	0.34550489179942745	0.4840764697809345
0.002510390	107.0	0	0.15041343957450148	0.23748748079303672	0.29798126923079304	0.3519584562036897	0.4927219021372782
0.002510390	108.0	0	0.15392107333322014	0.24272363615682224	0.3036375754590817	0.35774188548447533	0.5013840163442352
0.002510390	109.0	0	0.157533543472955	0.24777960939420962	0.30961887887786305	0.3640999091828138	0.510064085281262
0.002510390	110.0	0	0.1614397143038645	0.25201612592835027	0.3155623247768551	0.37102541881927575	0.5183728240665259
0.002510390	111.0	0	0.16551236194291072	0.2568793083951915	0.321299170673068	0.3778490030579325	0.5271242233489553
0.002510390	112.0	0	0.16906839317109007	0.261896431305083	0.327611735839812	0.3843707134577155	0.5362354777927795
0.002510390	113.0	0	0.17243317951730794	0.26761214433702785	0.3333585595873936	0.3911338750628668	0.545452131318758
0.002510390	114.0	0	0.17595616692474056	0.27312031971112666	0.33972244476722185	0.3976842365047852	0.5537038298635315
0.002510390	115.0	0	0.17967952128322343	0.2784350626523904	0.34625873237386906	0.4045188111555898	0.5619169437264036
0.002510390	116.0	0	0.183983907252542	0.28392203020001294	0.3521822875250651	0.4116048980391036	0.5701296368144655
0.002510390	117.0	0	0.18884658707521174	0.2888614639995393	0.35801363647757933	0.4186694755576196	0.5803400818647341
0.002510390	118.0	0	0.19221288672724662	0.2944497880918557	0.3640139410249422	0.4267157295112767	0.5914776373798064
0.002510390	119.0	0	0.19699506340395148	0.2999811336717745	0.36947446455885635	0.43424882630453376	0.6014800652696027
0.002510390	120.0	0	0.2002743410850166	0.3049151316342601	0.3757523858766262	0.44179814121148886	0.6107460298125772
0.002510390	121.0	0	0.20366795323025186	0.31007961549119617	0.38175983452730544	0.4494285766432284	0.6200148780073989
0.002510390	122.0	0	0.20741422287914868	0.3157687142495184	0.38816373828569223	0.45687374345824516	0.6293075176606312
0.002510390	123.0	0	0.2113075046070768	0.32109896732760557	0.39440029419973643	0.4638998040467064	0.6386745109190579
0.002510390	124.0	0	0.21540958849681888	0.32594755328603575	0.40061883344867677	0.47074390279759937	0.648212232120161
0.002510390	125.0	0	0.2205263576452544	0.3318722227115064	0.4068072001809284	0.4785578596267113	0.6579679012037027
0.002510390	126.0	0	0.22564210239354965	0.3377165438086088	0.4131802799985177	0.48643399588496533	0.6678539492761939
0.002510390	127.0	0	0.22964953970556842	0.3438183660039949	0.419730176075031	0.4930942898837261	0.6773098235132781
0.002510390	128.0	0	0.23368766555365306	0.35005464295388666	0.42660531532032614	0.5012416331706511	0.6863473247541235
0.002510390	129.0	0	0.2377640476988288	0.3560313468188785	0.4333977558556812	0.5088735371422826	0.6954157251433453
0.002510390	130.0	0	0.24190251036284416	0.36140744864659224	0.4399609651380392	0.5162835394066694	0.7045069160297908
0.002510390	131.0	0	0.24614128603595048	0.367495929015631	0.44674749036922984	0.5240255477619944	0.7137680628753871
0.002510390	132.0	0	0.25056053553364005	0.37392152583675914	0.45420523740153196	0.5315719589911784	0.7236987474182198
0.002510390	133.0	0	0.2551921462394742	0.37977840845017374	0.46095855272851916	0.5398437667752238	0.7327796631699907
0.002510390	134.0	0	0.2600507944810772	0.385623232438538	0.4679086194635065	0.5477540799988894	0.7426992343619819
0.002510390	135.0	0	0.265104769818271	0.3914923556356955	0.47465806424169094	0.5554335578922507	0.7548228735806954
0.002510390	136.0	0	0.2692811164635758	0.3970360806325981	0.48142983922043486	0.5635682796722993	0.7671016359399481
0.002510390	137.0	0	0.27332478560804324	0.4032028482756058	0.48831614487142744	0.5716274136206758	0.777089457163616
0.002510390	138.0	0	0.27752708055391845	0.4101403511147861	0.4951047549597231	0.5802316826042176	0.786862810403327
0.002510390	139.0	0	0.2817676630145251	0.4169836351908143	0.5027969198219787	0.5885451643397506	0.7966020615096241
0.002510390	140.0	0	0.28613553220467924	0.4232195761178189	0.5100111330152699	0.5965167012974628	0.8062779836644572
0.002510390	141.0	0	0.290657361669153	0.4294738035278174	0.517415427253701	0.6045098668119014	0.815883701132768
0.002510390	142.0	0	0.2955524838393659	0.43587524543985584	0.5248784364744402	0.6125656076415932	0.8254682248805104
0.002510390	143.0	0	0.3011684613214106	0.4423481590743302	0.5320877199840347	0.6212492791133049	0.8350331571981564
0.002510390	144.0	0	0.30677526867015564	0.44932070292432275	0.5391250167292	0.630037163473847	0.8462806146630243
0.002510390	145.0	0	0.31101095842279397	0.45608324592227156	0.5466245756254757	0.6377457889340057	0.8579760321540667
0.002510390	146.0	0	0.31520380329710485	0.4627483456541608	0.5547697324110654	0.646820682521808	0.8697228162408226
0.002510390	147.0	0	0.3188901811871328	0.46930865081839324	0.5629855586311909	0.6554949448223913	0.8815973225429029
0.002510390	148.0	0	0.322791167547745	0.47598476672823875	0.5712114433301418	0.6631330084933074	0.8935597007186401
0.002510390	149.0	0	0.32734745217032146	0.4828967637286825	0.579005433781955	0.6716946428301804	0.9055604037492969
0.002510390	150.0	0	0.3324300736545655	0.49003041112093526	0.5871208557260004	0.6810728588633141	0.9175771613673677
0.002510390	151.0	0	0.3375454533361793	0.49747050967692047	0.5947668326737636	0.6893439572241367	0.9295490898723748
0.002510390	152.0	0	0.342650949965871	0.5049444005648672	0.6026033785038523	0.6976711252805449	0.941595586756178
0.002510390	153.0	0	0.3477325555194797	0.5120294799412874	0.6106383092392746	0.7069637912260263	0.9523013281408931
0.002510390	154.0	0	0.3540011977357307	0.5189947958386789	0.6188001452671057	0.7164351449028332	0.9623071681293982
0.002510390	155.0	0	0.35995214657491725	0.5261053098666197	0.6270459235322476	0.7260295867945029	0.9722771646370628
0.002510390	156.0	0	0.3659207578698263	0.5327747070704834	0.6347075738393245	0.7353094225502743	0.982227450576986
0.002510390	157.0	0	0.3718759854372983	0.539396506143337	0.6429706827141797	0.7446127610470066	0.9922096581981086
0.002510390	158.0	0	0.37782120606024217	0.546133274398815	0.6507320678854385	0.7537551640939752	1.0022873729010202
0.002510390	159.0	0	0.38376229952097335	0.5531997227078125	0.6585975207165962	0.762172128920549	1.012456444782894
0.002510390	160.0	0	0.3885676865524608	0.5601917779691238	0.6663145570221636	0.7721096544855792	1.0226909943613227
0.002510390	161.0	0	0.39291343260624034	0.5671093017917737	0.6740497293600518	0.7806963734216479	1.0330242291030456
0.002510390	162.0	0	0.3972936673906035	0.5743855081814768	0.6825417724396792	0.790740945838541	1.0435069959094716
0.002510390	163.0	0	0.401717426580527	0.5815879451290519	0.6917540477008752	0.7996522308843822	1.0540476015366855
0.002510390	164.0	0	0.40735078056660695	0.5889267518835347	0.7004896992571792	0.8089178381072142	1.064582088129638
0.002510390	165.0	0	0.4136589581435437	0.5966480300302326	0.7088808676575598	0.8179599661862329	1.0751957290312182
0.002510390	166.0	0	0.42005220656997333	0.6042035588026042	0.7172457377559208	0.8276721802017584	1.0857714829530212
0.002510390	167.0	0	0.42602242083173086	0.612027366424277	0.7254378561362235	0.8361996814177829	1.0961962150934732
0.002510390	168.0	0	0.430925101609051	0.619569309258349	0.7342777312545341	0.8447000991705342	1.1065118876475095
0.002510390	169.0	0	0.4384647888824014	0.6280859366327354	0.7432266393422617	0.8538373834165616	1.1178735404964402
0.002510390	170.0	0	0.44559575199117646	0.6360402636967526	0.7517407702467656	0.8636562374522919	1.1316486326745105
0.002510390	171.0	0	0.45096915740753585	0.6441668140505324	0.7598598554618932	0.8739021058992078	1.1449771940781104
0.002510390	172.0	0	0.45639214596806743	0.6518879852513013	0.768084738169077	0.8841254869540883	1.155397196615198
0.002510390	173.0	0	0.46195471369931934	0.6593156238901814	0.7766015612687776	0.8947775148274849	1.1650201703117178
0.002510390	174.0	0	0.46754306217189445	0.6673649737649102	0.7851539548033779	0.9057949950647067	1.1746846183573667
0.002510390	175.0	0	0.4732321876733973	0.6756116406940577	0.7944288489929392	0.9164066937431642	1.1843645469354513
0.002510390	176.0	0	0.479057979602784	0.6839193583381914	0.8040654496413684	0.9263046008236513	1.1945982537238338
0.002510390	177.0	0	0.48498231654298457	0.6922132113364768	0.8128975080103376	0.935537629116978	1.206207681154698
0.002510390	178.0	0	0.49098634527004326	0.700480813157977	0.8223372362208463	0.9462202688337951	1.2178346222505545
0.002510390	179.0	0	0.49705454704206536	0.7088715199364356	0.8319439612388079	0.9567194719774894	1.2294772931006557
0.002510390	180.0	0	0.5030959764420055	0.7172486566083335	0.8415182774796216	0.9670234422515313	1.2426853452748952
0.002510390	181.0	0	0.5089431407307193	0.7255731176691502	0.8506449905796063	0.9780144388654826	1.2564738546802017
0.002510390	182.0	0	0.514789746045969	0.7328002629567101	0.8602124099161268	0.988251544749375	1.2706317327499537
0.002510390	183.0	0	0.5206330153141107	0.7411808748674987	0.8695248904923759	0.9983686964147839	1.2828093971822372
0.002510390	184.0	0	0.5264715520351891	0.748566473409967	0.8788451323943658	1.008435434977201	1.2971957464138677
0.002510390	185.0	0	0.5323098281086448	0.7569182813930175	0.8877984064462285	1.0186051504086748	1.3116338007319657
0.002510390	186.0	0	0.538171615285298	0.765563826714956	0.8970945558177985	1.029686837343402	1.3235958266361327
0.002510390	187.0	0	0.5440648390480707	0.772985494135305	0.9065115842710101	1.0407466841349433	1.3355576524930584
0.002510390	188.0	0	0.5500999675391933	0.7825445202125617	0.9166650361037043	1.0522455065651732	1.347583268991288
0.002510390	189.0	0	0.5569690868157953	0.7923047561315743	0.9265291616452732	1.063053044334929	1.3597786700191818
0.002510390	190.0	0	0.5634539150455048	0.8001784687147194	0.9366663088109399	1.0740310513721578	1.3721183836393054
0.002510390	191.0	0	0.5693104324324175	0.8091889367693683	0.9465492600299106	1.0845983442659712	1.384462533443753
0.002510390	192.0	0	0.5751780817562214	0.8178700044985489	0.9556501395984669	1.0956226412893284	1.396850670312876
0.002510390	193.0	0	0.5815443628002085	0.8265310933437208	0.9658333156938356	1.1069239321870155	1.409208668252994
0.002510390	194.0	0	0.5897984081116654	0.8353969354242476	0.9762042968036433	1.1180183339949699	1.4215562002916295
0.002510390	195.0	0	0.5982208528440577	0.8434569732148715	0.9865552316769799	1.1286395614398168	1.4338849947480643
0.002510390	196.0	0	0.6043249773832051	0.8516479970720212	0.9966907294636645	1.1397273080294998	1.4461956260956181
0.002510390	197.0	0	0.6102667705530486	0.8609269047611576	1.00726336875959	1.1507185441989929	1.4584896504420675
0.002510390	198.0	0	0.6161670083079975	0.8684977903878085	1.0168585666810785	1.1613330922188496	1.4707695895219695
0.002510390	199.0	0	0.6220390219311019	0.8763077911230331	1.0268445349156505	1.1724044279780215	1.4830394154710882
0.002510390	200.0	0	0.62789610582517	0.8854177865323701	1.036906458984789	1.183563555814272	1.495538456323643
0.002510390	201.0	0	0.6337456805948084	0.8951903822310061	1.0469874065465383	1.1948063709334216	1.5076360413353151
0.002510390	202.0	0	0.6395912908376211	0.9041259602758553	1.0565180789622763	1.2064965999934238	1.5200149571156092
0.002510390	203.0	0	0.645435153948876	0.9123563451524807	1.0664988306773875	1.2178195967091614	1.5329325882969655
0.002510390	204.0	0	0.6512788269796511	0.9216259328389454	1.0764535430809388	1.2289550238606788	1.5488126818433525
0.002510390	205.0	0	0.6571240439140935	0.9309776733870248	1.0864497677066869	1.2403608003038706	1.564745635043796
0.002510390	206.0	0	0.6629743727473646	0.9392289335444457	1.0962738256293825	1.251891705263776	1.578751639592473
0.002510390	207.0	0	0.6688291427961993	0.9475014118479819	1.1059670857144992	1.2633113670947853	1.5928071410090867
0.002510390	208.0	0	0.6746897914155376	0.9558083384161022	1.1158033878777776	1.2752668652868961	1.6069377591698835
0.002510390	209.0	0	0.6808605798452695	0.9644251856942878	1.1263951122234075	1.2871554401933654	1.621142039213804
0.002510390	210.0	0	0.6876079881789889	0.9742177652784285	1.1370413966945492	1.2994286227551382	1.6353911854994814
0.002510390	211.0	0	0.6946728113978096	0.9843555564163179	1.1475534258702074	1.3116010112796401	1.6496589970608897
0.002510390	212.0	0	0.7018603769344828	0.9943774334410462	1.1586358172246285	1.3233673131702872	1.6639285321072552
0.002510390	213.0	0	0.709154187258974	1.005297183516059	1.1694818160699194	1.3352908641434285	1.678192763168992
0.002510390	214.0	0	0.7163004931870373	1.01542817164224	1.1795380256003096	1.347973364126368	1.6923939888099786
0.002510390	215.0	0	0.7244699399509947	1.024383680706979	1.189898528633193	1.3593384860335793	1.7065495031589066
0.002510390	216.0	0	0.7328428254485494	1.03404212438456	1.2008441403538157	1.3713029826078067	1.7206968301018242
0.002510390	217.0	0	0.7395949271387884	1.0435407086725719	1.2116006843614127	1.3838131461405259	1.7348354138023254
0.002510390	218.0	0	0.7463253126893921	1.0520144405231822	1.2223958213414976	1.3960625318204924	1.7489649376113117
0.002510390	219.0	0	0.7542990985091493	1.0615158044691824	1.2338065366496695	1.4090645425616752	1.7630851064359037
0.002510390	220.0	0	0.762679412254438	1.0703912887495681	1.2456016893078812	1.422646507251944	1.7771938658864217
0.002510390	221.0	0	0.7710921801102789	1.0800798162639251	1.2568248974371314	1.4357236825755157	1.7930336698561433
0.002510390	222.0	0	0.7794516209702724	1.0899091860206966	1.2672672637337494	1.448972513776556	1.8101524076143827
0.002510390	223.0	0	0.7877582094766798	1.0998260561601365	1.2779907280991094	1.4614106578559098	1.823979121231313
0.002510390	224.0	0	0.7960718387872092	1.1098673475045513	1.2884327593404048	1.4728507441716248	1.8372856014511512
0.002510390	225.0	0	0.8043687542105724	1.120054354013523	1.299172655529537	1.4853300067671393	1.850646619017974
0.002510390	226.0	0	0.8126699134330799	1.1298557246721392	1.3104740410474705	1.4972878246973331	1.8640751663164117
0.002510390	227.0	0	0.8209768728495016	1.1405122093379583	1.3219087562295013	1.5100922348895613	1.877558734153031
0.002510390	228.0	0	0.8293031059388503	1.1506835541584028	1.33265814270153	1.5224214593479863	1.8911129857699323
0.002510390	229.0	0	0.8376514475549369	1.1614266036529837	1.3434082755655943	1.5342517605006774	1.9047588701689042
0.002510390	230.0	0	0.8454864973157088	1.1717128272678863	1.3542775121029935	1.5476310768735306	1.918513462075664
0.002510390	231.0	0	0.8538880215161353	1.1815056622965106	1.3655169642843905	1.560674414042606	1.9323633010993038
0.002510390	232.0	0	0.8627183284803406	1.1918078307534876	1.376897921905893	1.5736548446881697	1.946285155195698
0.002510390	233.0	0	0.87110888382166	1.2018389456561425	1.3882139770656772	1.5848257719094248	1.9602984054357568
0.002510390	234.0	0	0.8795540646193585	1.211010176320097	1.3988327444691455	1.5973808560496727	1.9743865492070165
0.002510390	235.0	0	0.8880701323520374	1.221358641261717	1.4107039198159754	1.610019092238514	1.991385836996711
0.002510390	236.0	0	0.8966576999284069	1.2316892473830605	1.4229620063392847	1.6219393564518025	2.010029710271886
0.002510390	237.0	0	0.9053054265099979	1.2417354015852846	1.4345523254084562	1.635389195491769	2.0287115674096103
0.002510390	238.0	0	0.9140375479655461	1.2518815351492394	1.4461152183497394	1.6493065351413188	2.042271274795714
0.002510390	239.0	0	0.9228282004429194	1.2614619206974549	1.4576554695982678	1.6626067372967044	2.056989015599833
0.002510390	240.0	0	0.9316715520569306	1.272094612554659	1.4692173391033143	1.6759484859157368	2.074444101765331
0.002510390	241.0	0	0.9405303035331047	1.2825347333431671	1.480794289241044	1.6887482341468338	2.0893127576190937
0.002510390	242.0	0	0.9494160139190643	1.2926926696958554	1.4922418015288734	1.700837123541346	2.104104943809722
0.002510390	243.0	0	0.9583196622030328	1.30308732323572	1.5031795037718398	1.7124571625621017	2.1189692638929403
0.002510390	244.0	0	0.9672320639017477	1.313319822146324	1.5137991698183138	1.7246967516682523	2.133881468148824
0.002510390	245.0	0	0.9761514770650237	1.3235395876944498	1.5261303241510387	1.737510442413294	2.148829850610171
0.002510390	246.0	0	0.9843933627558081	1.3338467117651973	1.5383298809697428	1.7504940606840211	2.1637481105786533
0.002510390	247.0	0	0.9920381136921241	1.3441614566176492	1.5500420477867225	1.764435475823781	2.178631532435195
0.002510390	248.0	0	0.9997478266299241	1.354497086254925	1.5610882992998456	1.7774513850738298	2.1935343003640306
0.002510390	249.0	0	1.0075534848096046	1.3649348953296603	1.5721714663876236	1.791234861440912	2.208467025516288
0.002510390	250.0	0	1.0154065611011664	1.3756675374818628	1.584812976857393	1.8049459808224684	2.223416630982339
0.002510390	251.0	0	1.0232861872354193	1.386819712891994	1.5974682328299021	1.8189087587059858	2.2383949826008944
0.002510390	252.0	0	1.0311939948445414	1.3983258954001059	1.6098343530992723	1.8340314886229447	2.2534005068318317
0.002510390	253.0	0	1.039972551449789	1.409083787254587	1.6214540139480933	1.847805144530041	2.268419849317783
0.002510390	254.0	0	1.0505624840759522	1.4195251152194959	1.633357254716374	1.8608690957548712	2.283438281241235
0.002510390	255.0	0	1.0612310646846723	1.4291390812800588	1.6460203315772397	1.8754610781205796	2.298447005283033
0.002510390	256.0	0	1.069656317856718	1.4393145263298641	1.6587111561075787	1.8902732575121042	2.3134469199341123
0.002510390	257.0	0	1.0777534871042267	1.4503681443805108	1.671275862288296	1.905149797186139	2.328447499028193
0.002510390	258.0	0	1.0858579569812845	1.460811264277914	1.6837535639802415	1.9192858559801977	2.343465049720363
0.002510390	259.0	0	1.0939721977532093	1.4716669157209563	1.6951919250179286	1.9322407234916203	2.359252462857694
0.002510390	260.0	0	1.1020995146708235	1.4832192496255785	1.706804416439637	1.9442407218052389	2.376366603007111
0.002510390	261.0	0	1.1102476418023925	1.4941863796943589	1.7184936634138177	1.958560656685266	2.3955452142280382
0.002510390	262.0	0	1.118424294376264	1.5049821225568043	1.7307385777884243	1.9737283754935615	2.4149368212197593
0.002510390	263.0	0	1.1266386203406595	1.5160013862584967	1.7432148024086156	1.9876974289914182	2.429448015292718
0.002510390	264.0	0	1.1349144446908828	1.5272080165603745	1.7554053969928978	2.000473757109783	2.444347856949523
0.002510390	265.0	0	1.1432581169384413	1.5385209721284636	1.7679663484031551	2.0133531043225865	2.4613724951252194
0.002510390	266.0	0	1.1516673838544422	1.5498023822910467	1.7814701914081277	2.0267612495155505	2.4783196462215304
0.002510390	267.0	0	1.160130912849723	1.5611964741562512	1.7938452067610986	2.040389281431407	2.4952491400324095
0.002510390	268.0	0	1.1686365766746842	1.5736185392102828	1.80646607942995	2.0543089328447177	2.512121344091443
0.002510390	269.0	0	1.177172740177356	1.5853625124695496	1.8191525239146684	2.0676291834755034	2.5289536601181037
0.002510390	270.0	0	1.1857354139848504	1.596536415629201	1.832005068431989	2.0818422133314813	2.545777541900835
0.002510390	271.0	0	1.1950643130342273	1.6086671062967217	1.8448735158716292	2.095084019845694	2.5625933484837202
0.002510390	272.0	0	1.2051176351038204	1.6199683593556142	1.8577677044738774	2.109810238343387	2.579400986343023
0.002510390	273.0	0	1.2152243284742144	1.6320352056290384	1.870363521062645	2.126480455449525	2.596704955200978
0.002510390	274.0	0	1.2255579637041152	1.6431553240042398	1.8832640097960753	2.1432423516412165	2.6144809536158724
0.002510390	275.0	0	1.2360011321300197	1.6543825612253609	1.8958925093170786	2.159832782195154	2.6322871193255906
0.002510390	276.0	0	1.2464463738016485	1.6656547612526023	1.909117567179464	2.1754021588497547	2.650139040427366
0.002510390	277.0	0	1.2568999007605597	1.6772740793315013	1.921960519610309	2.1891623478199813	2.6680544505254207
0.002510390	278.0	0	1.267369115879465	1.687707939713381	1.9353670859461554	2.2023019176289385	2.686046179578573
0.002510390	279.0	0	1.2778627421975315	1.6999177949349096	1.94813643978235	2.21793432721451	2.704110184652785
0.002510390	280.0	0	1.2881488244510324	1.712249275557721	1.9610162088814824	2.2334631827181948	2.7222212940250756
0.002510390	281.0	0	1.2971376966910222	1.724451214019001	1.9735947295528968	2.248168055567	2.7403507119322845
0.002510390	282.0	0	1.3073675360933	1.7363890136341016	1.9866173806574352	2.2626155662771015	2.7584864757367953
0.002510390	283.0	0	1.3175985096754712	1.7482353421222048	1.9997035730642203	2.2780371735612004	2.7766268933236855
0.002510390	284.0	0	1.3278363268280402	1.7599805785503504	2.0127013090509998	2.293413651219656	2.7947340160410308
0.002510390	285.0	0	1.3380844467382185	1.7712475758052233	2.025689320567116	2.3089793786736252	2.8128237400444416
0.002510390	286.0	0	1.3483492492725002	1.7827621001495153	2.038417054210589	2.3248302770199123	2.830917854661472
0.002510390	287.0	0	1.3586079356607303	1.7952823922460817	2.0513893290757386	2.3402544764846676	2.8490167946185303
0.002510390	288.0	0	1.3672581818701912	1.8076976052260776	2.065354014020667	2.3550797148743126	2.867108760204582
0.002510390	289.0	0	1.3759083458772068	1.819304621663734	2.077971630668107	2.369176796184602	2.8840055726713896
0.002510390	290.0	0	1.384559146895875	1.8303214740832452	2.0902277559097864	2.383324967791487	2.8998852235152284
0.002510390	291.0	0	1.3932121114652951	1.8411737391927179	2.10322783661413	2.3995224439061547	2.9165594400859627
0.002510390	292.0	0	1.4018700128652506	1.8522131852012191	2.116607524336112	2.4133498251976175	2.935889774909614
0.002510390	293.0	0	1.410580359684854	1.8634365092075622	2.129464950888948	2.427155323179184	2.955277477925214
0.002510390	294.0	0	1.4193108182822103	1.8752969486437259	2.142763782163369	2.443100284693591	2.9746224070274105
0.002510390	295.0	0	1.4286049597077977	1.8890891751918857	2.156715849200323	2.4590394790973065	2.993929269842038
0.002510390	296.0	0	1.4398867893563592	1.90250473848858	2.171215805759248	2.47497956722417	3.0132027122376597
0.002510390	297.0	0	1.451152258711684	1.9147864607805276	2.183198561906064	2.4908392721360793	3.032448735007463
0.002510390	298.0	0	1.462411200394446	1.9276343159000306	2.196748588649842	2.5069273178715603	3.051675958373957
0.002510390	299.0	0	1.4736651206797702	1.9394825083211358	2.210550594735269	2.52149345493687	3.0693999196267487
0.002510390	300.0	0	1.4849166204470634	1.952264487234889	2.223529149772439	2.536494197167401	3.0853232681919818
0.002510390	301.0	0	1.4943271177316282	1.9646677352993935	2.2371255240201045	2.551803264221715	3.101253085949557
0.002510390	302.0	0	1.5031831425936002	1.976713069225594	2.251689704013006	2.5668018437777884	3.1171022519033937
0.002510390	303.0	0	1.512123603175705	1.9890732773172413	2.2651802584703447	2.5816983241382228	3.132965715975855
0.002510390	304.0	0	1.5211529460421218	2.0007573209150857	2.279098226883103	2.5966037142863434	3.1488020796811065
0.002510390	305.0	0	1.5302976142984395	2.012930618213585	2.292615332480133	2.6115466302241597	3.1645768446550426
0.002510390	306.0	0	1.5395832974590897	2.0264401795488336	2.305948690760943	2.6265663349620647	3.1802730857404637
0.002510390	307.0	0	1.5489634973931814	2.0387827435994392	2.3193351182268724	2.6426892532193076	3.1958816675628494
0.002510390	308.0	0	1.5584134179475995	2.0507472334128063	2.333899538369665	2.6575825617031046	3.211448513122888
0.002510390	309.0	0	1.5677978634023115	2.0635000501427987	2.348874185435334	2.672716862374445	3.2270351636456374
0.002510390	310.0	0	1.5772205631212097	2.07662485093047	2.3635987581890845	2.6871340986504837	3.242682295750357
0.002510390	311.0	0	1.5867013612099987	2.08980181422044	2.3780980344880995	2.702422872681784	3.258413523873245
0.002510390	312.0	0	1.5962854341867116	2.1029545880272993	2.3915881305613	2.7183834453930693	3.2761756066115204
0.002510390	313.0	0	1.6059470089613017	2.116714012377824	2.40508858729625	2.7336499015659226	3.2959854813432217
0.002510390	314.0	0	1.6156992231653413	2.1304711667485314	2.418582394960191	2.7489162579258606	3.315847039046417
0.002510390	315.0	0	1.6254798050660235	2.14422675274247	2.4316692484223763	2.7642726840798444	3.3356330553647258
0.002510390	316.0	0	1.6362054536050856	2.1579825696694	2.445088134872514	2.779587500135554	3.3552758573026726
0.002510390	317.0	0	1.6470057861488927	2.1720292862680477	2.4590387969018295	2.7945754053577625	3.3748795171497243
0.002510390	318.0	0	1.6578269103529453	2.184942987625786	2.473826096404777	2.8095865955828727	3.3945296141415118
0.002510390	319.0	0	1.6686536944573005	2.1986111883342496	2.4888700969927644	2.824614224526962	3.41423346300036
0.002510390	320.0	0	1.6794784001074614	2.213273829873052	2.504019096712786	2.8396385524484256	3.433991443269491
0.002510390	321.0	0	1.6903217059827549	2.2279595347753505	2.518957795312935	2.8556549189119362	3.4537958876377055
0.002510390	322.0	0	1.7011653118870598	2.242649513994306	2.5336515001403237	2.8713471532823522	3.473638517293756
0.002510390	323.0	0	1.7120202199487335	2.2564570490398608	2.548538866160638	2.8875916963210617	3.4935225044014016
0.002510390	324.0	0	1.7229293542276143	2.269960273305877	2.563771973992334	2.9028341433950873	3.5134881385796843
0.002510390	325.0	0	1.7345859253459273	2.282779663918157	2.578180017940966	2.918108837990593	3.5336009929227163
0.002510390	326.0	0	1.7476009281813079	2.2953877498685915	2.5914941678284724	2.93338955462656	3.553760057927924
0.002510390	327.0	0	1.7586553101725262	2.3077909791794875	2.6052563483456965	2.9495255106763145	3.5739184632841066
0.002510390	328.0	0	1.7675778454558981	2.3203441345336944	2.6208147130754225	2.9657555302087544	3.5941258868862214
0.002510390	329.0	0	1.7777658049573657	2.3334678195507186	2.6364347446384038	2.982166811636314	3.6144038648002144
0.002510390	330.0	0	1.7888923851986562	2.3473001996037834	2.6504778320519975	2.9989423112485687	3.6347459202277066
0.002510390	331.0	0	1.8000780471055273	2.36007420511595	2.6645234160947884	3.0167024169973953	3.655103332942637
0.002510390	332.0	0	1.811296860508421	2.3720657704410013	2.6786406355646526	3.0321355744603573	3.67546656036554
0.002510390	333.0	0	1.822570013151226	2.38584219905726	2.6920032951714408	3.048976962844795	3.695840001099553
0.002510390	334.0	0	1.8339345014388106	2.3988194809397383	2.7054421150880446	3.065772592760598	3.7162246236992664
0.002510390	335.0	0	1.845427192100217	2.4119878696467056	2.7205607749795435	3.0832704180889996	3.736620260889709
0.002510390	336.0	0	1.8570299103662866	2.4243500967931606	2.736535027666162	3.1007349416057637	3.7570200261308804
0.002510390	337.0	0	1.8689658042303838	2.437084879078079	2.752341574428092	3.1164523831556052	3.7774191620542457
0.002510390	338.0	0	1.8805053000969114	2.449410294336788	2.7682714333802516	3.131765994965706	3.797815861849684
0.002510390	339.0	0	1.8924974023942107	2.462940706026419	2.7842013198519324	3.147375480069212	3.817258255914193
0.002510390	340.0	0	1.9047030662432098	2.476052828049889	2.799876172486311	3.162165094024091	3.83667520771224
0.002510390	341.0	0	1.9168404445051817	2.490782982284515	2.8149300810666755	3.1772626331410354	3.8560709047931363
0.002510390	342.0	0	1.9288523166839593	2.5041240490300436	2.8296218524025365	3.1924482203468445	3.8754485469376427
0.002510390	343.0	0	1.940893485157768	2.516512988046366	2.843732537987517	3.207738469277454	3.8948117295574254
0.002510390	344.0	0	1.9529818029778232	2.5296240961615304	2.8583407210761655	3.2249827565343385	3.9141635346134342
0.002510390	345.0	0	1.9651351894542564	2.54234793158544	2.8733507202445	3.241352169732486	3.933506833588236
0.002510390	346.0	0	1.9773708191987762	2.5562156761374655	2.8884454281764746	3.2571843342181417	3.952837001459967
0.002510390	347.0	0	1.989699849873267	2.5703766403473316	2.903700207793065	3.273611441813425	3.972075333763705
0.002510390	348.0	0	2.0021240038805663	2.584665409035849	2.9202392342161123	3.2899770250108578	3.9912945352605793
0.002510390	349.0	0	2.014639065875938	2.599274719881911	2.936921102878274	3.3065406941523237	4.010543767984869
0.002510390	350.0	0	2.0272435689189745	2.613139315699585	2.953217986686502	3.3231356999881045	4.029390563418528
0.002510390	351.0	0	2.0372624784375977	2.6263718345335354	2.968856765023169	3.3410136816342324	4.045895230231953
0.002510390	352.0	0	2.0470668677729122	2.6396366304624324	2.984532137760814	3.357398882578806	4.062380628029846
0.002510390	353.0	0	2.0583108252255116	2.653979795756465	2.999429578290055	3.373571271407682	4.079083954633112
0.002510390	354.0	0	2.0701403535374974	2.668474507564493	3.013843396327242	3.3902202410150073	4.101911807631115
0.002510390	355.0	0	2.081999420644242	2.6829394860591735	3.0280736959788515	3.4079425825507697	4.124745645681911
0.002510390	356.0	0	2.0938987403033416	2.6975551928031485	3.0431897570833755	3.4254846250562334	4.147598848855132
0.002510390	357.0	0	2.105858036660103	2.712405908775634	3.0581301137988657	3.4430262508861476	4.167759128219614
0.002510390	358.0	0	2.1179078069473385	2.7264062867142536	3.072726909115879	3.4608708760522617	4.1875769842231305
0.002510390	359.0	0	2.1299854592786875	2.7390032337671264	3.0889563413217265	3.4790330781488272	4.207397338866652
0.002510390	360.0	0	2.141776693156063	2.751904420340778	3.10614436752432	3.496933231587241	4.22722314010789
0.002510390	361.0	0	2.1535565495225315	2.7661581443992254	3.1219530520151997	3.514291787007716	4.2470578229411124
0.002510390	362.0	0	2.165324975245022	2.779927926362373	3.137179686623617	3.530849298520916	4.26689487028761
0.002510390	363.0	0	2.1770827295535824	2.7938708625869833	3.1520415680510405	3.548651618812148	4.286679046236475
0.002510390	364.0	0	2.188831115432126	2.8082240118235013	3.167621319248581	3.5660567173025943	4.306512094032765
0.002510390	365.0	0	2.2005707232777656	2.8227183577033665	3.1838293369720176	3.583832748905996	4.326433287390662
